mes_proCodigoProvincia,mes_depCodigoDepartamento,mes_munCodigoMunicipio,mesCodigoCircuito,mesCodigoMesa,mesCodSexo,mesEstado,mesVotosValidos,mesVotosPositivos,mesVotosEnBlanco,mesVotosNulos,mesVotosRecurridos,mesVotosImpugnados,mesElectores,mesTotalVotantes,mesVotosEscrutar,mesVotosPreferencia
"20","001","003","0003 ","0041","X",1,248,193,55,2,0,0,299,245,,
"20","001","003","0003 ","0042","X",1,235,190,45,3,0,0,301,238,,
"20","001","003","0003 ","0043","X",1,242,182,60,1,0,0,299,243,,
"20","001","003","0003 ","0044","X",1,172,172,0,0,0,0,300,0,,
"20","001","003","0003 ","0045","X",1,172,117,55,4,0,0,300,0,,
"20","001","003","0003 ","0046","X",1,233,176,57,0,0,0,301,233,,
"20","001","003","0003 ","0047","X",1,242,176,66,4,0,0,301,246,,
"20","001","003","0003 ","0048","X",1,246,191,55,4,0,4,301,250,,
"20","001","003","0003 ","0049","X",1,241,185,56,4,0,0,304,245,,
"20","001","003","0003 ","0050","X",1,230,170,60,6,0,0,302,236,,
"20","001","003","0003 ","0051","X",1,252,180,72,1,0,0,302,254,,
"20","001","003","0003 ","0052","X",1,242,181,61,6,0,0,302,250,,
"20","001","003","0003 ","0053","X",1,238,182,56,7,0,0,301,245,,
"20","001","003","0003 ","0054","X",1,223,160,63,1,0,0,303,224,,
"20","001","003","0003 ","0055","X",1,241,167,74,3,0,0,300,244,,
"20","001","003","0003 ","0056","X",1,253,193,60,3,0,0,303,261,,
"20","001","003","0003 ","0057","X",1,236,168,68,3,0,0,300,239,,
"20","001","003","0003 ","0058","X",1,227,173,54,4,0,0,298,231,,
"20","001","003","0003 ","0059","X",1,240,183,57,1,0,0,300,241,,
"20","001","003","0003 ","0060","X",1,236,169,67,0,0,0,299,236,,
"20","001","003","0003 ","0061","X",1,228,167,61,3,0,0,301,231,,
"20","001","003","0003 ","0062","X",1,220,165,55,8,0,0,302,228,,
"20","001","003","0003 ","0063","X",1,161,159,2,0,0,1,302,238,,
"20","001","003","0003 ","0064","X",1,240,181,59,0,0,0,301,240,,
"20","001","003","0003 ","0065","X",1,240,172,68,0,0,0,300,240,,
"20","001","003","0003 ","0066","X",1,129,129,0,1,0,0,300,237,,
"20","001","003","0003 ","0067","X",1,247,178,69,3,1,0,301,0,,
"20","001","003","0003 ","0068","X",1,250,187,63,0,0,0,299,250,,
"20","001","003","0003 ","0069","X",1,223,166,57,0,0,0,300,223,,
"20","001","003","0003 ","0070","X",1,247,198,49,6,0,0,300,0,,
"20","001","003","0003 ","0071","X",1,224,179,45,8,0,0,300,0,,
"20","001","003","0003 ","0072","X",1,132,113,19,4,0,0,301,250,,
"20","001","003","0003 ","0073","X",1,241,174,67,1,0,0,302,242,,
"20","001","003","0003 ","0074","X",1,239,169,70,1,0,0,300,240,,
"20","001","003","0003 ","0075","X",1,234,175,59,9,0,0,301,243,,
"20","001","003","0003 ","0076","X",1,184,184,0,0,2,0,302,244,,
"20","001","003","0003 ","0077","X",1,228,181,47,5,0,0,301,236,,
"20","001","003","0003 ","0078","X",1,248,181,67,0,0,0,300,0,,
"20","001","003","0003 ","0079","X",1,144,144,0,0,0,0,302,0,,
"20","001","003","0003 ","0080","X",1,181,128,53,5,0,0,304,243,,
"20","001","003","0003 ","0081","X",1,226,154,72,3,0,0,301,229,,
"20","001","003","0003 ","0082","X",1,236,172,64,4,1,0,299,241,,
"20","001","003","0003 ","0083","X",1,241,183,58,4,0,0,301,245,,
"20","001","003","0003 ","0084","X",1,186,130,56,6,0,0,301,232,,
"20","001","003","0003 ","0085","X",1,219,176,43,0,0,0,301,219,,
"20","001","003","0003 ","0086","X",1,231,179,52,0,0,0,301,233,,
"20","001","003","0003 ","0087","X",1,217,174,43,1,0,0,302,218,,
"20","001","003","0003 ","0088","X",1,234,180,54,0,0,0,300,234,,
"20","001","003","0003 ","0089","X",1,184,184,0,1,1,0,298,240,,
"20","001","003","0003 ","0090","X",1,222,173,49,2,0,0,298,224,,
"20","001","003","0003 ","0091","X",1,102,68,34,2,0,0,300,248,,
"20","001","003","0003 ","0092","X",1,235,188,47,1,0,0,302,236,,
"20","001","003","0003 ","0093","X",1,104,104,0,0,0,0,307,0,,
"20","001","003","0003 ","0094","X",1,239,177,62,0,0,0,301,0,,
"20","001","003","0003 ","0095","X",4,284,157,127,5,0,0,300,225,,
"20","001","003","0003 ","0096","X",1,230,184,46,4,0,0,303,234,,
"20","001","003","0003 ","0097","X",1,229,179,50,2,0,0,302,231,,
"20","001","003","0003 ","0098","X",1,186,173,13,0,0,0,299,250,,
"20","001","003","0003 ","0099","X",1,222,151,71,10,0,0,304,235,,
"20","001","003","0003 ","0100","X",1,96,96,0,0,0,0,304,250,,
"20","001","003","0003 ","0101","X",1,250,192,58,0,0,0,300,250,,
"20","001","003","0003 ","0102","X",1,231,174,57,10,0,0,302,241,,
"20","001","003","0003 ","0103","X",1,230,163,67,5,0,0,299,0,,
"20","001","003","0003 ","0104","X",1,237,172,65,1,0,0,305,238,,
"20","001","003","0003 ","0105","X",1,234,187,47,1,0,0,301,238,,
"20","001","003","0003 ","0106","X",1,236,180,56,4,0,0,302,240,,
"20","001","003","0003 ","0107","X",1,159,159,0,0,0,0,302,235,,
"20","001","003","0003 ","0108","X",1,227,166,61,7,0,0,299,234,,
"20","001","003","0003 ","0109","X",1,241,189,52,2,0,0,300,243,,
"20","001","003","0003 ","0110","X",1,242,187,55,5,0,0,304,247,,
"20","001","003","0003 ","0111","X",1,242,188,54,0,0,0,301,242,,
"20","001","003","0003 ","0112","X",1,235,188,47,7,0,0,301,242,,
"20","001","003","0003 ","0113","X",1,246,188,58,0,0,0,301,246,,
"20","001","003","0003 ","0114","X",1,263,185,78,3,0,0,302,254,,
"20","001","003","0003 ","0115","X",1,224,174,50,4,0,0,300,228,,
"20","001","003","0003 ","0116","X",1,230,184,46,1,0,0,303,0,,
"20","001","003","0003 ","0117","X",1,144,144,0,0,0,0,301,0,,
"20","001","003","0003 ","0118","X",1,231,175,56,8,0,0,300,0,,
"20","001","003","0003 ","0119","X",1,238,176,62,0,0,0,299,238,,
"20","001","003","0003 ","0120","X",1,241,189,52,1,0,0,302,242,,
"20","001","003","0003 ","0121","X",1,233,172,61,3,0,0,299,236,,
"20","001","003","0003 ","0122","X",1,248,194,54,7,0,0,302,251,,
"20","001","003","0003 ","0123","X",1,253,187,66,2,0,0,300,255,,
"20","001","003","0003 ","0124","X",1,235,187,48,4,0,0,301,239,,
"20","001","003","0003 ","0125","X",1,238,167,71,0,0,0,300,241,,
"20","001","003","0003 ","0126","X",1,228,156,72,1,0,0,301,229,,
"20","001","003","0003 ","0127","X",1,245,185,60,3,1,0,301,249,,
"20","001","003","0003 ","0128","X",4,220,166,54,1,0,0,301,221,,
"20","001","003","0003 ","0129","X",1,248,181,67,1,0,0,301,249,,
"20","001","003","0003 ","0130","X",1,234,186,48,6,0,0,300,240,,
"20","001","003","0003 ","0131","X",1,234,164,70,5,0,0,300,243,,
"20","001","003","0003 ","0132","X",1,235,171,64,1,0,0,300,0,,
"20","001","003","0003 ","0133","X",1,205,165,40,3,0,0,299,244,,
"20","001","003","0003 ","0134","X",1,226,173,53,1,0,0,304,226,,
"20","001","003","0003 ","0135","X",1,227,171,56,4,0,0,301,231,,
"20","001","003","0003 ","0136","X",1,235,172,63,4,0,0,301,246,,
"20","001","003","0003 ","0137","X",1,246,187,59,5,0,0,300,251,,
"20","001","003","0003 ","0138","X",1,249,161,88,3,0,0,301,252,,
"20","001","003","0003 ","0139","X",1,208,159,49,3,0,0,300,221,,
"20","001","003","0003 ","0140","X",1,237,195,42,1,0,0,301,0,,
"20","001","003","0003 ","0141","X",4,316,167,149,4,0,0,302,236,,
"20","001","003","0003 ","0142","X",1,228,173,55,5,0,0,301,233,,
"20","001","003","0003 ","0143","X",1,249,180,69,1,0,0,304,0,,
"20","001","003","0003 ","0144","X",1,224,165,59,0,0,0,300,224,,
"20","001","003","0003 ","0145","X",1,244,186,58,2,0,0,303,246,,
"20","001","003","0003 ","0146","X",1,247,191,56,6,0,0,301,253,,
"20","001","003","0003 ","0147","X",1,241,172,69,3,0,0,301,244,,
"20","001","003","0003 ","0148","X",1,239,186,53,0,0,0,301,244,,
"20","001","003","0003 ","0149","X",1,229,180,49,5,0,1,300,0,,
"20","001","003","0003 ","0150","X",1,237,173,64,2,0,0,302,239,,
"20","001","003","0003 ","0151","X",1,239,178,61,0,0,0,300,241,,
"20","001","003","0003 ","0152","X",1,239,161,78,1,0,0,300,0,,
"20","001","003","0003 ","0153","X",1,229,181,48,9,0,0,301,238,,
"20","001","003","0003 ","0154","X",1,228,178,50,1,0,0,300,0,,
"20","001","003","0003 ","0155","X",1,224,165,59,5,0,0,302,229,,
"20","001","003","0003 ","0156","X",1,113,113,0,0,0,0,303,0,,
"20","001","003","0003 ","0157","X",1,229,173,56,1,0,0,301,224,,
"20","001","003","0003 ","0158","X",1,243,195,48,6,0,0,303,249,,
"20","001","003","0003 ","0159","X",1,173,112,61,0,0,0,300,233,,
"20","001","003","0003 ","0160","X",1,250,187,63,2,0,0,302,0,,
"20","001","003","0003 ","0161","X",1,227,134,93,1,0,0,299,230,,
"20","001","003","0003 ","0162","X",1,233,173,60,2,0,2,301,0,,
"20","001","003","0003 ","0163","X",1,213,147,66,2,0,3,303,0,,
"20","001","003","0003 ","0164","X",1,229,170,59,2,0,0,303,231,,
"20","001","003","0003 ","0165","X",1,236,191,45,2,0,0,302,238,,
"20","001","003","0003 ","0166","X",1,228,161,67,1,0,0,302,0,,
"20","001","003","0003 ","0167","X",1,221,158,63,0,0,1,302,0,,
"20","001","003","0003 ","0168","X",1,243,186,57,2,0,0,301,245,,
"20","001","003","0003 ","0169","X",1,244,186,58,4,0,0,301,248,,
"20","001","003","0003 ","0170","X",1,237,166,71,1,0,0,301,238,,
"20","001","003","0003 ","0171","X",1,244,180,64,0,0,0,304,244,,
"20","001","003","0003 ","0172","X",1,249,169,80,1,0,0,301,250,,
"20","001","003","0003 ","0173","X",1,241,182,59,2,0,0,300,243,,
"20","001","003","0003 ","0174","X",1,226,169,57,2,0,0,302,228,,
"20","001","003","0003 ","0175","X",1,252,186,66,3,0,0,300,255,,
"20","001","003","0003 ","0176","X",1,233,163,70,0,0,0,301,233,,
"20","001","003","0003 ","0177","X",1,237,180,57,1,0,0,300,238,,
"20","001","003","0003 ","0178","X",1,76,60,16,4,0,0,197,165,,
"20","001","003","0003 ","0179","X",1,150,103,47,1,0,0,197,153,,
"20","001","003","0004 ","0180","X",1,226,168,58,1,0,0,301,222,,
"20","001","003","0004 ","0181","X",1,208,175,33,3,0,0,302,211,,
"20","001","003","0004 ","0182","X",1,111,89,22,1,0,0,152,112,,
"20","001","003","0004 ","0183","X",1,128,96,32,0,0,0,151,126,,
"20","001","003","0004A","0184","X",1,13,13,0,0,0,0,34,0,,
"20","001","004","0006 ","0246","X",4,383,185,198,0,0,0,301,234,,
"20","001","004","0006 ","0247","X",1,226,195,31,0,0,0,303,0,,
"20","001","004","0006 ","0248","X",1,243,209,34,2,0,0,303,245,,
"20","001","004","0006 ","0249","X",1,230,195,35,0,0,0,299,0,,
"20","001","004","0006 ","0250","X",1,229,188,41,0,0,0,305,0,,
"20","001","004","0006 ","0251","X",1,232,200,32,1,0,0,306,233,,
"20","001","004","0006 ","0252","X",1,223,168,55,3,0,0,302,237,,
"20","001","004","0006 ","0253","X",1,183,155,28,9,0,0,301,236,,
"20","001","004","0006 ","0254","X",1,224,194,30,2,0,0,303,226,,
"20","001","004","0006 ","0255","X",1,227,189,38,2,0,0,305,229,,
"20","001","004","0006 ","0256","X",1,231,201,30,1,0,0,304,232,,
"20","001","004","0006 ","0257","X",1,229,174,55,7,0,0,301,0,,
"20","001","004","0006 ","0258","X",1,232,195,37,2,0,0,306,0,,
"20","001","004","0006 ","0259","X",1,224,182,42,4,0,0,302,228,,
"20","001","004","0006 ","0260","X",1,185,137,48,3,0,0,307,222,,
"20","001","004","0006 ","0261","X",1,238,192,46,5,0,0,302,237,,
"20","001","004","0006 ","0262","X",1,212,180,32,1,1,0,303,230,,
"20","001","004","0006 ","0263","X",1,234,184,50,1,0,0,305,235,,
"20","001","004","0006 ","0264","X",1,226,191,35,2,0,0,302,228,,
"20","001","004","0006 ","0265","X",1,231,183,48,2,0,0,301,233,,
"20","001","004","0006 ","0266","X",1,218,179,39,0,1,0,302,0,,
"20","001","004","0006 ","0267","X",4,244,209,35,1,0,0,301,0,,
"20","001","004","0006 ","0268","X",1,221,195,26,3,0,0,303,224,,
"20","001","004","0006 ","0269","X",1,220,187,33,5,0,0,303,225,,
"20","001","004","0006 ","0270","X",1,209,167,42,1,0,0,306,0,,
"20","001","004","0006 ","0271","X",4,320,187,133,1,0,0,304,222,,
"20","001","004","0006 ","0272","X",4,426,214,212,0,0,0,305,247,,
"20","001","004","0006 ","0273","X",1,209,179,30,10,0,0,302,231,,
"20","001","004","0006 ","0274","X",1,243,210,33,1,0,0,309,244,,
"20","001","004","0006 ","0275","X",1,232,191,41,5,0,0,304,0,,
"20","001","004","0006 ","0276","X",1,219,188,31,1,0,0,304,220,,
"20","001","004","0006 ","0277","X",1,231,198,33,6,0,0,305,237,,
"20","001","004","0006 ","0278","X",1,250,185,65,0,0,0,301,0,,
"20","001","004","0006 ","0279","X",1,226,184,42,3,0,0,305,229,,
"20","001","004","0006 ","0280","X",1,229,189,40,0,1,0,302,240,,
"20","001","004","0006 ","0281","X",1,224,183,41,8,0,0,304,0,,
"20","001","004","0006 ","0282","X",1,249,205,44,0,0,0,304,249,,
"20","001","004","0006 ","0283","X",1,242,200,42,4,0,0,306,246,,
"20","001","004","0006 ","0284","X",1,190,190,0,10,0,0,305,239,,
"20","001","004","0006 ","0285","X",1,212,184,28,1,2,0,304,229,,
"20","001","004","0006 ","0286","X",1,186,186,0,0,0,0,300,0,,
"20","001","004","0006 ","0287","X",1,209,207,2,3,0,0,302,245,,
"20","001","004","0006 ","0288","X",1,231,192,39,2,0,0,308,242,,
"20","001","004","0006 ","0289","X",1,226,185,41,4,0,0,309,230,,
"20","001","004","0006 ","0290","X",1,242,196,46,2,0,0,307,244,,
"20","001","004","0006 ","0291","X",1,223,178,45,4,0,0,302,227,,
"20","001","004","0006 ","0292","X",1,223,176,47,3,0,0,306,226,,
"20","001","004","0006 ","0293","X",1,235,202,33,2,0,0,299,237,,
"20","001","004","0006 ","0294","X",1,229,194,35,6,1,0,305,236,,
"20","001","004","0006 ","0295","X",1,180,144,36,0,0,0,304,227,,
"20","001","004","0006 ","0296","X",1,227,192,35,0,0,0,303,227,,
"20","001","004","0006 ","0297","X",1,227,196,31,2,0,0,301,229,,
"20","001","004","0006 ","0298","X",1,235,193,42,5,0,0,305,240,,
"20","001","004","0006 ","0299","X",1,220,197,23,2,0,0,303,227,,
"20","001","004","0006 ","0300","X",1,163,141,22,3,0,0,205,161,,
"20","001","004","0006 ","0301","X",1,151,131,20,2,0,0,207,153,,
"20","001","004","0006A","0302","X",1,10,9,1,0,0,0,35,10,,
"20","001","005","0005 ","0185","X",1,240,169,71,3,0,0,306,243,,
"20","001","005","0005 ","0186","X",1,236,164,72,4,0,0,301,240,,
"20","001","005","0005 ","0187","X",1,232,184,48,5,0,0,298,237,,
"20","001","005","0005 ","0188","X",1,225,172,53,6,0,0,301,231,,
"20","001","005","0005 ","0189","X",4,305,167,138,0,0,0,302,221,,
"20","001","005","0005 ","0190","X",1,235,178,57,0,0,0,301,235,,
"20","001","005","0005 ","0191","X",1,239,170,69,0,1,0,300,240,,
"20","001","005","0005 ","0192","X",1,225,187,38,2,3,0,301,230,,
"20","001","005","0005 ","0193","X",1,242,196,46,0,0,2,302,244,,
"20","001","005","0005 ","0194","X",1,226,169,57,6,0,0,303,232,,
"20","001","005","0005 ","0195","X",1,235,158,77,4,0,0,300,239,,
"20","001","005","0005 ","0196","X",1,208,141,67,3,0,0,299,0,,
"20","001","005","0005 ","0197","X",1,216,184,32,2,0,0,299,226,,
"20","001","005","0005 ","0198","X",4,227,154,73,5,0,0,300,228,,
"20","001","005","0005 ","0199","X",1,220,161,59,2,0,0,301,231,,
"20","001","005","0005 ","0200","X",1,220,175,45,15,0,0,303,235,,
"20","001","005","0005 ","0201","X",1,227,168,59,4,0,0,300,231,,
"20","001","005","0005 ","0202","X",1,283,183,100,2,0,0,302,251,,
"20","001","005","0005 ","0203","X",4,367,173,194,3,0,0,300,228,,
"20","001","005","0005 ","0204","X",1,242,188,54,0,0,0,304,242,,
"20","001","005","0005 ","0205","X",1,186,184,2,43,8,0,300,237,,
"20","001","005","0005 ","0206","X",0,0,0,0,0,0,0,300,0,,
"20","001","005","0005 ","0207","X",1,241,181,60,0,0,0,301,241,,
"20","001","005","0005 ","0208","X",1,237,177,60,0,0,1,303,0,,
"20","001","005","0005 ","0209","X",1,246,184,62,1,0,0,302,247,,
"20","001","005","0005 ","0210","X",1,232,184,48,9,0,0,302,0,,
"20","001","005","0005 ","0211","X",1,221,168,53,7,1,0,302,229,,
"20","001","005","0005 ","0212","X",1,218,162,56,3,0,0,304,0,,
"20","001","005","0005 ","0213","X",1,228,161,67,8,0,0,300,236,,
"20","001","005","0005 ","0214","X",1,233,177,56,0,0,0,302,243,,
"20","001","005","0005 ","0215","X",1,215,158,57,2,0,0,301,0,,
"20","001","005","0005 ","0216","X",1,236,187,49,11,0,0,300,0,,
"20","001","005","0005 ","0217","X",1,232,180,52,2,0,0,302,0,,
"20","001","005","0005 ","0218","X",1,236,170,66,1,0,0,300,0,,
"20","001","005","0005 ","0219","X",1,241,157,84,1,1,0,301,246,,
"20","001","005","0005 ","0220","X",1,229,152,77,5,0,0,301,234,,
"20","001","005","0005 ","0221","X",1,247,183,64,4,0,0,300,251,,
"20","001","005","0005 ","0222","X",1,230,171,59,3,1,0,301,234,,
"20","001","005","0005 ","0223","X",1,232,173,59,0,0,0,301,232,,
"20","001","005","0005 ","0224","X",1,249,186,63,1,2,0,301,252,,
"20","001","005","0005 ","0225","X",1,239,181,58,2,0,0,302,241,,
"20","001","005","0005 ","0226","X",1,216,172,44,4,0,0,300,220,,
"20","001","005","0005 ","0227","X",1,223,175,48,2,0,0,301,225,,
"20","001","005","0005 ","0228","X",1,232,168,64,4,0,0,302,235,,
"20","001","005","0005 ","0229","X",1,245,188,57,1,0,0,305,246,,
"20","001","005","0005 ","0230","X",1,216,156,60,0,0,0,303,221,,
"20","001","005","0005 ","0231","X",4,406,185,221,2,0,0,302,248,,
"20","001","005","0005 ","0232","X",1,241,146,95,0,0,0,300,241,,
"20","001","005","0005 ","0233","X",1,243,176,67,3,0,0,301,246,,
"20","001","005","0005 ","0234","X",1,243,160,83,2,0,0,302,245,,
"20","001","005","0005 ","0235","X",1,257,187,70,0,1,0,304,258,,
"20","001","005","0005 ","0236","X",1,233,175,58,13,0,0,300,246,,
"20","001","005","0005 ","0237","X",1,212,164,48,5,0,0,305,226,,
"20","001","005","0005 ","0238","X",1,229,163,66,8,0,0,300,238,,
"20","001","005","0005 ","0239","X",1,235,165,70,2,0,0,300,237,,
"20","001","005","0005 ","0240","X",1,231,167,64,2,0,0,301,233,,
"20","001","005","0005 ","0241","X",1,234,186,48,0,0,0,302,241,,
"20","001","005","0005 ","0242","X",1,234,172,62,1,0,0,301,237,,
"20","001","005","0005 ","0243","X",1,184,148,36,0,0,0,236,184,,
"20","001","005","0005 ","0244","X",1,177,123,54,1,0,0,236,184,,
"20","001","005","0005A","0245","X",1,238,182,56,0,0,0,267,224,,
"20","001","005","0007 ","0303","X",1,0,0,0,0,0,0,1,0,,
"20","001","006","0001 ","0001","X",1,226,197,29,3,0,0,304,0,,
"20","001","006","0001 ","0002","X",1,206,179,27,5,0,0,300,234,,
"20","001","006","0001 ","0003","X",1,211,182,29,1,0,0,299,211,,
"20","001","006","0001 ","0004","X",1,232,205,27,4,0,0,298,0,,
"20","001","006","0001 ","0005","X",1,218,190,28,8,0,0,301,226,,
"20","001","006","0001 ","0006","X",1,212,187,25,3,1,0,301,216,,
"20","001","006","0001 ","0007","X",4,213,178,35,4,0,0,303,217,,
"20","001","006","0001 ","0008","X",1,226,200,26,1,1,0,302,228,,
"20","001","006","0001 ","0009","X",1,229,205,24,3,3,0,300,235,,
"20","001","006","0001 ","0010","X",1,213,192,21,4,2,0,303,219,,
"20","001","006","0001 ","0011","X",1,180,180,0,5,2,0,301,208,,
"20","001","006","0001 ","0012","X",1,219,192,27,3,0,0,300,226,,
"20","001","006","0001 ","0013","X",1,220,189,31,4,4,0,300,228,,
"20","001","006","0001 ","0014","X",1,205,168,37,1,12,0,301,230,,
"20","001","006","0001 ","0015","X",1,217,195,22,3,5,0,300,225,,
"20","001","006","0001 ","0016","X",1,215,184,31,2,3,0,299,220,,
"20","001","006","0001 ","0017","X",1,208,183,25,2,1,1,300,216,,
"20","001","006","0001 ","0018","X",1,210,185,25,3,2,0,301,215,,
"20","001","006","0001 ","0019","X",1,166,145,21,114,4,0,302,214,,
"20","001","006","0001 ","0020","X",1,216,208,8,1,2,0,301,219,,
"20","001","006","0001 ","0021","X",1,221,195,26,1,7,0,301,229,,
"20","001","006","0001 ","0022","X",1,257,186,71,1,11,0,301,216,,
"20","001","006","0001 ","0023","X",1,238,215,23,3,3,0,302,244,,
"20","001","006","0001 ","0024","X",1,203,203,0,32,0,0,303,235,,
"20","001","006","0001 ","0025","X",1,175,175,0,29,0,0,300,222,,
"20","001","006","0001 ","0026","X",1,231,204,27,7,0,0,301,0,,
"20","001","006","0001 ","0027","X",1,234,199,35,4,0,0,301,236,,
"20","001","006","0001 ","0028","X",1,213,179,34,0,0,0,302,213,,
"20","001","006","0001 ","0029","X",1,212,181,31,9,0,0,300,221,,
"20","001","006","0001 ","0030","X",1,221,196,25,10,0,0,300,231,,
"20","001","006","0001 ","0031","X",1,191,190,1,5,0,0,300,219,,
"20","001","006","0001 ","0032","X",1,222,189,33,0,3,0,300,0,,
"20","001","006","0001 ","0033","X",1,217,184,33,2,8,0,303,230,,
"20","001","006","0001 ","0034","X",1,195,167,28,3,0,0,300,220,,
"20","001","006","0001 ","0035","X",1,166,154,12,4,0,0,249,170,,
"20","001","006","0001 ","0036","X",1,180,161,19,2,3,1,252,186,,
"20","001","006","0001A","0037","X",1,31,25,6,0,0,0,59,31,,
"20","001","006","0002 ","0038","X",1,96,4,92,0,0,0,300,237,,
"20","001","006","0002 ","0039","X",1,96,36,60,0,0,0,205,165,,
"20","001","006","0002 ","0040","X",1,119,63,56,1,0,0,203,175,,
"20","002","011","0009 ","0323","X",1,220,206,14,8,0,0,301,228,,
"20","002","011","0009 ","0324","X",1,234,204,30,1,0,0,302,235,,
"20","002","011","0009 ","0325","X",1,230,223,7,1,0,0,304,231,,
"20","002","011","0009 ","0326","X",1,235,224,11,2,0,0,302,237,,
"20","002","011","0009 ","0327","X",1,246,227,19,2,0,0,300,248,,
"20","002","011","0009 ","0328","X",1,245,229,16,6,0,0,302,251,,
"20","002","011","0009 ","0329","X",1,232,209,23,3,0,0,301,235,,
"20","002","011","0009 ","0330","X",1,238,223,15,1,0,0,301,239,,
"20","002","011","0009 ","0331","X",1,215,200,15,9,0,0,300,224,,
"20","002","011","0009 ","0332","X",1,176,154,22,1,0,0,226,177,,
"20","002","011","0009 ","0333","X",1,185,173,12,1,0,0,228,186,,
"20","002","012","0008 ","0304","X",1,224,208,16,1,0,1,301,226,,
"20","002","012","0008 ","0305","X",1,211,182,29,5,0,0,303,0,,
"20","002","012","0008 ","0306","X",1,236,213,23,0,0,0,305,235,,
"20","002","012","0008 ","0307","X",1,218,195,23,3,0,1,307,222,,
"20","002","012","0008 ","0308","X",1,199,179,20,0,0,0,303,199,,
"20","002","012","0008 ","0309","X",1,214,194,20,1,0,0,301,217,,
"20","002","012","0008 ","0310","X",1,229,210,19,1,0,0,305,230,,
"20","002","012","0008 ","0311","X",1,214,199,15,3,0,0,303,217,,
"20","002","012","0008 ","0312","X",1,220,194,26,3,0,0,301,223,,
"20","002","012","0008 ","0313","X",1,234,214,20,2,2,0,305,238,,
"20","002","012","0008 ","0314","X",1,209,184,25,2,0,0,301,211,,
"20","002","012","0008 ","0315","X",1,224,205,19,2,0,0,307,226,,
"20","002","012","0008 ","0316","X",1,219,200,19,3,0,0,301,0,,
"20","002","012","0008 ","0317","X",1,217,193,24,3,0,0,306,220,,
"20","002","012","0008 ","0318","X",1,227,198,29,3,0,1,305,231,,
"20","002","012","0008 ","0319","X",1,234,211,23,3,0,0,302,237,,
"20","002","012","0008 ","0320","X",4,199,187,12,187,22,0,285,210,,
"20","002","012","0008 ","0321","X",1,194,175,19,4,0,1,285,199,,
"20","002","012","0008A","0322","X",1,5,5,0,0,0,0,21,6,,
"20","003","013","0010 ","0334","X",1,236,214,22,2,0,0,302,229,,
"20","003","013","0010 ","0335","X",1,236,220,16,3,0,0,301,239,,
"20","003","013","0010 ","0336","X",1,219,201,18,0,0,0,302,219,,
"20","003","013","0010 ","0337","X",1,218,186,32,0,0,0,300,218,,
"20","003","013","0010 ","0338","X",1,219,192,27,0,0,0,299,219,,
"20","003","013","0010 ","0339","X",1,225,214,11,1,0,0,299,226,,
"20","003","013","0010 ","0340","X",1,229,205,24,0,0,0,303,0,,
"20","003","013","0010 ","0341","X",1,201,188,13,1,0,0,300,206,,
"20","003","013","0010 ","0342","X",1,213,190,23,0,0,0,300,213,,
"20","003","013","0010 ","0343","X",1,215,206,9,1,0,0,301,216,,
"20","003","013","0010 ","0344","X",1,225,213,12,2,0,0,302,227,,
"20","003","013","0010 ","0345","X",1,206,185,21,1,0,0,300,207,,
"20","003","013","0010 ","0346","X",1,226,206,20,2,0,0,301,228,,
"20","003","013","0010 ","0347","X",1,225,200,25,1,0,0,300,226,,
"20","003","013","0010 ","0348","X",1,205,187,18,2,0,0,301,209,,
"20","003","013","0010 ","0349","X",1,218,186,32,4,0,0,301,222,,
"20","003","013","0010 ","0350","X",1,139,121,18,4,0,0,300,228,,
"20","003","013","0010 ","0351","X",1,220,204,16,4,0,0,300,224,,
"20","003","013","0010 ","0352","X",1,207,189,18,4,0,0,300,211,,
"20","003","013","0010 ","0353","X",1,251,225,26,1,0,0,301,252,,
"20","003","013","0010 ","0354","X",1,241,222,19,3,0,0,300,244,,
"20","003","013","0010 ","0355","X",1,209,188,21,0,0,1,302,210,,
"20","003","013","0010 ","0356","X",1,108,92,16,6,0,0,298,224,,
"20","003","013","0010 ","0357","X",1,231,215,16,0,0,0,303,231,,
"20","003","013","0010 ","0358","X",1,214,193,21,0,0,0,303,214,,
"20","003","013","0010 ","0359","X",1,220,179,41,40,0,0,300,224,,
"20","003","013","0010 ","0360","X",1,232,208,24,3,0,0,305,241,,
"20","003","013","0010 ","0361","X",1,158,146,12,2,0,0,227,160,,
"20","003","013","0010 ","0362","X",1,76,53,23,5,0,0,228,179,,
"20","003","013","0011 ","0363","X",1,17,14,3,0,0,0,35,17,,
"20","004","014","0012 ","0364","X",1,1,0,1,0,0,3,27,4,,
"20","004","014","0012A","0365","X",1,1,1,0,0,0,0,6,1,,
"20","004","014","0012B","0366","X",0,0,0,0,0,0,0,164,0,,
"20","004","014","0012B","0367","X",0,0,0,0,0,0,0,165,0,,
"20","004","014","0013 ","0368","X",1,219,183,36,1,0,0,301,220,,
"20","004","014","0013 ","0369","X",1,238,121,117,1,0,0,303,238,,
"20","004","014","0013 ","0370","X",1,209,167,42,1,0,0,305,210,,
"20","004","014","0013 ","0371","X",1,211,170,41,2,0,0,301,213,,
"20","004","014","0013 ","0372","X",1,220,177,43,2,0,0,302,0,,
"20","004","014","0013 ","0373","X",1,219,169,50,0,0,0,302,219,,
"20","004","014","0013 ","0374","X",1,219,187,32,4,0,0,303,242,,
"20","004","014","0013 ","0375","X",1,225,189,36,2,0,0,301,227,,
"20","004","014","0013 ","0376","X",1,232,208,24,2,0,0,301,234,,
"20","004","014","0013 ","0377","X",1,233,202,31,2,0,0,302,235,,
"20","004","014","0013 ","0378","X",1,213,182,31,2,0,0,276,215,,
"20","004","014","0013 ","0379","X",1,209,187,22,1,0,0,279,220,,
"20","004","014","0013A","0380","X",1,15,13,2,0,0,0,35,16,,
"20","005","001","0014 ","0381","X",1,224,200,24,0,0,0,302,224,,
"20","005","001","0014 ","0382","X",1,227,201,26,3,0,0,302,230,,
"20","005","001","0014 ","0383","X",1,242,210,32,0,0,0,304,242,,
"20","005","001","0014 ","0384","X",1,237,201,36,3,0,0,304,240,,
"20","005","001","0014 ","0385","X",1,228,198,30,1,0,0,301,0,,
"20","005","001","0014 ","0386","X",1,221,190,31,0,0,0,302,221,,
"20","005","001","0014 ","0387","X",1,104,79,25,0,0,0,303,227,,
"20","005","001","0014 ","0388","X",1,226,194,32,1,0,0,305,227,,
"20","005","001","0014 ","0389","X",1,222,193,29,1,0,0,303,223,,
"20","005","001","0014 ","0390","X",1,216,198,18,1,0,0,301,217,,
"20","005","001","0014 ","0391","X",1,228,199,29,0,0,0,302,228,,
"20","005","001","0014 ","0392","X",1,224,196,28,3,0,0,300,227,,
"20","005","001","0014 ","0393","X",1,224,194,30,0,0,0,302,224,,
"20","005","001","0014 ","0394","X",1,230,206,24,1,0,0,301,231,,
"20","005","001","0014 ","0395","X",1,80,52,28,0,0,0,304,0,,
"20","005","001","0014 ","0396","X",1,219,193,26,1,0,0,303,220,,
"20","005","001","0014 ","0397","X",1,221,199,22,7,0,0,302,228,,
"20","005","001","0014 ","0398","X",1,238,209,29,0,0,0,302,238,,
"20","005","001","0014 ","0399","X",1,254,216,38,0,0,0,303,254,,
"20","005","001","0014 ","0400","X",1,224,193,31,0,0,0,299,224,,
"20","005","001","0014 ","0401","X",1,106,97,9,0,0,0,151,106,,
"20","005","001","0014 ","0402","X",1,112,99,13,0,0,0,152,112,,
"20","005","001","0014A","0403","X",1,3,2,1,0,0,0,13,3,,
"20","005","002","0015 ","0404","X",1,247,221,26,2,0,0,305,249,,
"20","005","002","0015 ","0405","X",1,241,216,25,0,0,0,302,241,,
"20","005","002","0015 ","0406","X",1,209,201,8,1,0,0,301,230,,
"20","005","002","0015 ","0407","X",1,232,211,21,0,1,0,300,233,,
"20","005","002","0015 ","0408","X",1,230,199,31,2,0,0,305,232,,
"20","005","002","0015 ","0409","X",1,228,193,35,2,0,0,301,230,,
"20","005","002","0015 ","0410","X",1,227,207,20,2,3,0,303,232,,
"20","005","002","0015 ","0411","X",1,232,203,29,0,0,0,301,242,,
"20","005","002","0015 ","0412","X",1,206,171,35,0,0,0,304,246,,
"20","005","002","0015 ","0413","X",1,240,218,22,4,0,0,301,244,,
"20","005","002","0015 ","0414","X",1,216,203,13,4,0,0,302,220,,
"20","005","002","0015 ","0415","X",1,240,203,37,0,0,0,299,240,,
"20","005","002","0015 ","0416","X",1,169,148,21,2,0,0,228,171,,
"20","005","002","0015 ","0417","X",1,179,145,34,1,0,0,226,190,,
"20","005","002","0015A","0418","X",1,9,8,1,0,0,0,22,9,,
"20","006","010","0016 ","0419","X",1,222,123,99,0,0,0,289,222,,
"20","006","010","0016A","0420","X",1,241,175,66,0,0,0,300,241,,
"20","006","010","0016A","0421","X",1,240,185,55,0,0,0,303,240,,
"20","006","010","0016A","0422","X",1,209,165,44,0,0,0,271,209,,
"20","006","010","0016A","0423","X",1,203,134,69,0,0,0,273,206,,
"20","006","010","0017 ","0424","X",1,220,194,26,3,1,0,301,229,,
"20","006","010","0017 ","0425","X",1,233,184,49,2,0,0,304,235,,
"20","006","010","0017 ","0426","X",1,221,174,47,5,0,0,301,230,,
"20","006","010","0017 ","0427","X",1,191,135,56,3,0,0,301,226,,
"20","006","010","0017 ","0428","X",1,216,158,58,0,0,0,303,216,,
"20","006","010","0017 ","0429","X",1,156,156,0,0,0,0,300,0,,
"20","006","010","0017 ","0430","X",1,226,181,45,3,0,0,301,229,,
"20","006","010","0017 ","0431","X",1,287,194,93,4,0,0,303,236,,
"20","006","010","0017 ","0432","X",1,215,173,42,3,2,0,303,224,,
"20","006","010","0017 ","0433","X",1,212,141,71,3,0,1,303,216,,
"20","006","010","0017 ","0434","X",1,210,172,38,4,0,0,302,214,,
"20","006","010","0017 ","0435","X",1,219,180,39,3,0,0,301,227,,
"20","006","010","0017 ","0436","X",1,225,180,45,2,0,0,307,231,,
"20","006","010","0017 ","0437","X",1,217,165,52,0,0,1,303,218,,
"20","006","010","0017 ","0438","X",1,170,169,1,2,0,0,301,0,,
"20","006","010","0017 ","0439","X",1,225,176,49,2,0,0,300,234,,
"20","006","010","0017 ","0440","X",1,223,158,65,1,0,0,304,224,,
"20","006","010","0017 ","0441","X",1,224,169,55,0,0,0,302,224,,
"20","006","010","0017 ","0442","X",1,222,144,78,3,0,0,303,225,,
"20","006","010","0017 ","0443","X",1,224,191,33,4,0,0,306,228,,
"20","006","010","0017 ","0444","X",1,218,163,55,0,0,0,305,208,,
"20","006","010","0017 ","0445","X",1,208,166,42,1,0,0,300,209,,
"20","006","010","0017 ","0446","X",1,221,166,55,3,0,0,300,224,,
"20","006","010","0017 ","0447","X",1,178,178,0,3,0,0,301,233,,
"20","006","010","0017 ","0448","X",1,217,162,55,7,0,0,301,224,,
"20","006","010","0017 ","0449","X",1,210,188,22,4,0,0,301,220,,
"20","006","010","0017 ","0450","X",1,220,189,31,6,0,0,305,226,,
"20","006","010","0017 ","0451","X",1,221,179,42,3,0,0,300,224,,
"20","006","010","0017 ","0452","X",1,227,188,39,4,0,0,301,231,,
"20","006","010","0017 ","0453","X",1,227,149,78,3,0,0,303,230,,
"20","006","010","0017 ","0454","X",1,226,164,62,5,0,0,302,231,,
"20","006","010","0017 ","0455","X",1,30,30,0,0,0,0,302,229,,
"20","006","010","0017 ","0456","X",1,190,159,31,2,0,0,303,208,,
"20","006","010","0017 ","0457","X",1,219,169,50,1,0,0,301,220,,
"20","006","010","0017 ","0458","X",1,223,170,53,4,0,0,302,227,,
"20","006","010","0017 ","0459","X",1,218,173,45,6,0,0,301,224,,
"20","006","010","0017 ","0460","X",1,240,182,58,0,0,0,306,240,,
"20","006","010","0017 ","0461","X",1,224,166,58,4,0,0,302,228,,
"20","006","010","0017 ","0462","X",1,221,180,41,5,0,0,299,226,,
"20","006","010","0017 ","0463","X",1,152,150,2,1,0,0,301,205,,
"20","006","010","0017 ","0464","X",1,201,166,35,4,0,0,302,205,,
"20","006","010","0017 ","0465","X",1,193,178,15,2,0,0,304,219,,
"20","006","010","0017 ","0466","X",1,228,175,53,4,0,0,302,232,,
"20","006","010","0017 ","0467","X",1,231,185,46,2,0,0,303,233,,
"20","006","010","0017 ","0468","X",1,213,158,55,4,0,0,302,217,,
"20","006","010","0017 ","0469","X",1,181,169,12,2,0,0,300,216,,
"20","006","010","0017 ","0470","X",1,215,176,39,3,0,0,304,220,,
"20","006","010","0017 ","0471","X",1,0,0,0,0,0,0,301,231,,
"20","006","010","0017 ","0472","X",1,272,181,91,0,1,0,303,221,,
"20","006","010","0017 ","0473","X",1,215,145,70,7,0,0,301,222,,
"20","006","010","0017 ","0474","X",1,203,173,30,1,0,0,301,204,,
"20","006","010","0017 ","0475","X",1,115,83,32,0,0,0,212,159,,
"20","006","010","0017 ","0476","X",1,165,136,29,0,0,4,211,0,,
"20","007","007","0018 ","0477","X",1,238,202,36,3,0,0,301,241,,
"20","007","007","0018 ","0478","X",1,237,206,31,1,1,0,301,239,,
"20","007","007","0018 ","0479","X",1,223,186,37,3,0,0,301,0,,
"20","007","007","0018 ","0480","X",1,240,187,53,2,0,0,299,242,,
"20","007","007","0018 ","0481","X",1,240,187,53,1,0,0,300,241,,
"20","007","007","0018 ","0482","X",1,249,204,45,0,0,0,302,249,,
"20","007","007","0018 ","0483","X",1,229,185,44,2,1,0,303,0,,
"20","007","007","0018 ","0484","X",1,234,203,31,1,0,0,301,235,,
"20","007","007","0018 ","0485","X",1,233,200,33,2,2,0,301,237,,
"20","007","007","0018 ","0486","X",1,276,236,40,5,0,0,299,232,,
"20","007","007","0018 ","0487","X",1,238,197,41,5,4,0,300,246,,
"20","007","007","0018 ","0488","X",1,237,195,42,3,0,0,300,240,,
"20","007","007","0018 ","0489","X",1,230,192,38,1,3,0,300,0,,
"20","007","007","0018 ","0490","X",1,246,198,48,3,0,0,302,249,,
"20","007","007","0018 ","0491","X",1,241,199,42,3,1,0,300,0,,
"20","007","007","0018 ","0492","X",1,232,195,37,3,0,0,303,235,,
"20","007","007","0018 ","0493","X",1,257,223,34,1,0,0,301,258,,
"20","007","007","0018 ","0494","X",1,238,191,47,1,0,0,300,252,,
"20","007","007","0018 ","0495","X",1,248,214,34,5,0,0,299,0,,
"20","007","007","0018 ","0496","X",1,222,178,44,0,0,0,303,0,,
"20","007","007","0018 ","0497","X",1,211,172,39,2,0,0,300,213,,
"20","007","007","0018 ","0498","X",1,233,194,39,5,0,0,300,238,,
"20","007","007","0018 ","0499","X",1,242,203,39,1,0,1,301,244,,
"20","007","007","0018 ","0500","X",1,236,188,48,3,1,0,301,0,,
"20","007","007","0018 ","0501","X",1,229,193,36,0,0,0,300,229,,
"20","007","007","0018 ","0502","X",1,233,207,26,1,0,0,304,234,,
"20","007","007","0018 ","0503","X",1,224,191,33,2,0,0,299,226,,
"20","007","007","0018 ","0504","X",1,253,210,43,2,0,0,300,255,,
"20","007","007","0018 ","0505","X",1,233,201,32,5,0,0,300,241,,
"20","007","007","0018 ","0506","X",1,228,199,29,1,0,0,303,229,,
"20","007","007","0018 ","0507","X",1,240,201,39,2,0,0,299,242,,
"20","007","007","0018 ","0508","X",1,240,208,32,5,0,0,300,245,,
"20","007","007","0018 ","0509","X",1,253,204,49,6,1,0,301,260,,
"20","007","007","0018 ","0510","X",1,256,207,49,0,0,0,300,256,,
"20","007","007","0018 ","0511","X",1,236,190,46,1,0,0,300,238,,
"20","007","007","0018 ","0512","X",1,230,202,28,4,0,0,302,234,,
"20","007","007","0018 ","0513","X",1,219,188,31,2,1,0,304,221,,
"20","007","007","0018 ","0514","X",1,234,196,38,0,0,0,301,234,,
"20","007","007","0018 ","0515","X",1,237,204,33,8,0,0,300,245,,
"20","007","007","0018 ","0516","X",1,226,194,32,5,0,0,301,231,,
"20","007","007","0018 ","0517","X",1,216,188,28,5,0,0,302,221,,
"20","007","007","0018 ","0518","X",1,240,192,48,2,0,0,302,0,,
"20","007","007","0018 ","0519","X",1,235,202,33,0,0,0,300,0,,
"20","007","007","0018 ","0520","X",1,222,188,34,0,0,0,302,222,,
"20","007","007","0018 ","0521","X",1,228,199,29,2,0,0,301,220,,
"20","007","007","0018 ","0522","X",1,224,180,44,1,0,0,301,0,,
"20","007","007","0018 ","0523","X",1,232,181,51,5,0,0,301,237,,
"20","007","007","0018 ","0524","X",1,231,198,33,2,0,0,302,0,,
"20","007","007","0018 ","0525","X",1,90,90,0,0,0,0,300,247,,
"20","007","007","0018 ","0526","X",1,211,196,15,6,0,0,303,240,,
"20","007","007","0018 ","0527","X",1,221,187,34,6,0,0,299,227,,
"20","007","007","0018 ","0528","X",1,227,200,27,3,0,0,300,230,,
"20","007","007","0018 ","0529","X",1,252,205,47,0,0,0,297,252,,
"20","007","007","0018 ","0530","X",1,258,190,68,1,0,0,298,260,,
"20","007","007","0018 ","0531","X",1,258,223,35,1,1,0,298,260,,
"20","007","007","0018 ","0532","X",4,359,211,148,0,0,0,301,257,,
"20","007","007","0018 ","0533","X",4,372,213,159,0,0,0,300,255,,
"20","007","007","0018 ","0534","X",1,247,209,38,5,1,0,302,243,,
"20","007","007","0018 ","0535","X",1,234,192,42,1,1,0,299,236,,
"20","007","007","0018 ","0536","X",1,226,192,34,3,0,0,301,231,,
"20","007","007","0018 ","0537","X",1,235,190,45,0,0,0,300,235,,
"20","007","007","0018 ","0538","X",4,323,179,144,1,2,0,300,226,,
"20","007","007","0018 ","0539","X",1,246,206,40,1,0,0,303,247,,
"20","007","007","0018 ","0540","X",1,221,190,31,2,0,0,300,223,,
"20","007","007","0018 ","0541","X",1,235,186,49,0,0,0,301,235,,
"20","007","007","0018 ","0542","X",1,180,136,44,2,0,0,300,246,,
"20","007","007","0018 ","0543","X",1,217,186,31,2,0,0,304,228,,
"20","007","007","0018 ","0544","X",1,222,185,37,2,1,0,300,215,,
"20","007","007","0018 ","0545","X",1,226,190,36,4,2,0,302,232,,
"20","007","007","0018 ","0546","X",1,242,195,47,2,0,0,300,244,,
"20","007","007","0018 ","0547","X",1,236,201,35,1,0,0,301,237,,
"20","007","007","0018 ","0548","X",1,222,188,34,4,0,0,301,226,,
"20","007","007","0018 ","0549","X",1,157,117,40,2,0,0,301,0,,
"20","007","007","0018 ","0550","X",1,240,200,40,2,0,0,299,239,,
"20","007","007","0018 ","0551","X",1,226,198,28,4,0,0,302,231,,
"20","007","007","0018 ","0552","X",1,227,190,37,2,1,0,300,0,,
"20","007","007","0018 ","0553","X",1,217,182,35,2,0,0,302,219,,
"20","007","007","0018 ","0554","X",1,226,187,39,1,0,0,298,226,,
"20","007","007","0018 ","0555","X",1,233,204,29,1,0,0,299,234,,
"20","007","007","0018 ","0556","X",1,240,196,44,6,0,0,301,0,,
"20","007","007","0018 ","0557","X",1,198,170,28,4,0,0,301,0,,
"20","007","007","0018 ","0558","X",1,246,196,50,2,0,0,301,248,,
"20","007","007","0018 ","0559","X",1,237,183,54,4,0,0,301,241,,
"20","007","007","0018 ","0560","X",1,215,185,30,8,0,0,300,233,,
"20","007","007","0018 ","0561","X",1,234,179,55,5,2,0,301,241,,
"20","007","007","0018 ","0562","X",1,232,193,39,3,0,0,302,235,,
"20","007","007","0018 ","0563","X",1,206,173,33,4,1,0,301,211,,
"20","007","007","0018 ","0564","X",1,232,200,32,2,0,0,301,234,,
"20","007","007","0018 ","0565","X",1,219,172,47,2,0,0,301,226,,
"20","007","007","0018 ","0566","X",1,227,197,30,1,0,0,303,228,,
"20","007","007","0018 ","0567","X",1,228,189,39,2,0,0,300,239,,
"20","007","007","0018 ","0568","X",1,226,192,34,2,0,0,301,228,,
"20","007","007","0018 ","0569","X",1,230,206,24,0,0,0,302,230,,
"20","007","007","0018 ","0570","X",1,231,203,28,4,0,0,302,235,,
"20","007","007","0018 ","0571","X",1,234,201,33,0,0,0,298,237,,
"20","007","007","0018 ","0572","X",1,240,194,46,2,0,0,301,242,,
"20","007","007","0018 ","0573","X",1,238,199,39,2,0,0,301,240,,
"20","007","007","0018 ","0574","X",1,232,189,43,0,0,0,301,232,,
"20","007","007","0018 ","0575","X",1,227,190,37,1,0,0,301,227,,
"20","007","007","0018 ","0576","X",1,218,170,48,2,0,0,301,221,,
"20","007","007","0018 ","0577","X",1,244,201,43,7,0,0,301,251,,
"20","007","007","0018 ","0578","X",1,232,186,46,4,0,0,300,236,,
"20","007","007","0018 ","0579","X",1,232,194,38,2,0,0,302,234,,
"20","007","007","0018 ","0580","X",1,227,192,35,4,0,0,300,231,,
"20","007","007","0018 ","0581","X",1,226,190,36,2,0,0,299,228,,
"20","007","007","0018 ","0582","X",1,223,199,24,3,0,0,301,0,,
"20","007","007","0018 ","0583","X",1,227,184,43,2,0,0,303,229,,
"20","007","007","0018 ","0584","X",1,224,198,26,2,0,0,300,0,,
"20","007","007","0018 ","0585","X",1,247,214,33,0,0,0,301,247,,
"20","007","007","0018 ","0586","X",1,239,198,41,0,0,0,302,0,,
"20","007","007","0018 ","0587","X",1,216,176,40,4,0,0,300,218,,
"20","007","007","0018 ","0588","X",1,210,210,0,0,0,0,302,249,,
"20","007","007","0018 ","0589","X",1,237,201,36,1,0,0,301,0,,
"20","007","007","0018 ","0590","X",1,231,195,36,3,0,0,301,237,,
"20","007","007","0018 ","0591","X",1,237,205,32,1,0,0,304,232,,
"20","007","007","0018 ","0592","X",1,231,188,43,2,0,0,300,233,,
"20","007","007","0018 ","0593","X",1,215,178,37,3,0,0,304,218,,
"20","007","007","0018 ","0594","X",1,241,188,53,0,0,0,301,0,,
"20","007","007","0018 ","0595","X",1,244,205,39,5,1,0,302,250,,
"20","007","007","0018 ","0596","X",1,241,184,57,0,0,0,300,240,,
"20","007","007","0018 ","0597","X",1,235,192,43,0,0,0,303,234,,
"20","007","007","0018 ","0598","X",1,230,178,52,1,0,0,301,231,,
"20","007","007","0018 ","0599","X",1,227,194,33,2,0,0,301,229,,
"20","007","007","0018 ","0600","X",1,229,187,42,5,0,0,301,244,,
"20","007","007","0018 ","0601","X",1,257,214,43,4,0,0,306,261,,
"20","007","007","0018 ","0602","X",1,246,199,47,4,0,0,303,250,,
"20","007","007","0018 ","0603","X",1,241,188,53,2,0,0,301,243,,
"20","007","007","0018 ","0604","X",1,219,178,41,3,0,0,304,0,,
"20","007","007","0018 ","0605","X",1,238,201,37,1,0,0,302,239,,
"20","007","007","0018 ","0606","X",1,222,195,27,2,0,0,302,224,,
"20","007","007","0018 ","0607","X",1,237,202,35,2,0,0,301,239,,
"20","007","007","0018 ","0608","X",1,240,215,25,3,0,0,302,243,,
"20","007","007","0018 ","0609","X",1,226,198,28,3,1,0,302,230,,
"20","007","007","0018 ","0610","X",1,213,183,30,2,1,0,302,216,,
"20","007","007","0018 ","0611","X",1,233,197,36,2,0,0,299,235,,
"20","007","007","0018 ","0612","X",4,285,246,39,4,0,0,300,0,,
"20","007","007","0018 ","0613","X",1,247,194,53,1,1,0,300,249,,
"20","007","007","0018 ","0614","X",1,235,200,35,2,0,0,300,237,,
"20","007","007","0018 ","0615","X",1,247,199,48,3,0,0,301,251,,
"20","007","007","0018 ","0616","X",1,257,220,37,1,0,0,301,0,,
"20","007","007","0018 ","0617","X",1,236,196,40,1,0,0,301,237,,
"20","007","007","0018 ","0618","X",1,230,194,36,1,0,0,303,227,,
"20","007","007","0018 ","0619","X",1,236,196,40,4,0,0,302,240,,
"20","007","007","0018 ","0620","X",1,232,184,48,1,1,0,301,244,,
"20","007","007","0018 ","0621","X",1,236,196,40,2,0,0,301,238,,
"20","007","007","0018 ","0622","X",1,235,181,54,2,0,0,301,252,,
"20","007","007","0018 ","0623","X",1,227,194,33,3,0,0,302,230,,
"20","007","007","0018 ","0624","X",1,249,200,49,1,0,0,305,250,,
"20","007","007","0018 ","0625","X",1,247,203,44,1,0,0,301,0,,
"20","007","007","0018 ","0626","X",1,244,180,64,2,1,0,300,247,,
"20","007","007","0018 ","0627","X",1,245,203,42,0,1,0,300,246,,
"20","007","007","0018 ","0628","X",1,252,199,53,1,0,0,300,253,,
"20","007","007","0018 ","0629","X",1,225,186,39,4,1,0,300,230,,
"20","007","007","0018 ","0630","X",1,256,205,51,0,1,0,300,0,,
"20","007","007","0018 ","0631","X",1,125,101,24,6,0,0,302,232,,
"20","007","007","0018 ","0632","X",1,234,186,48,3,0,0,300,237,,
"20","007","007","0018 ","0633","X",1,222,183,39,0,0,0,300,222,,
"20","007","007","0018 ","0634","X",1,223,195,28,4,0,0,300,231,,
"20","007","007","0018 ","0635","X",1,216,172,44,5,0,0,301,0,,
"20","007","007","0018 ","0636","X",1,226,187,39,2,0,0,300,228,,
"20","007","007","0018 ","0637","X",1,230,183,47,2,0,0,300,232,,
"20","007","007","0018 ","0638","X",1,226,184,42,2,0,0,300,0,,
"20","007","007","0018 ","0639","X",1,231,202,29,1,1,0,302,0,,
"20","007","007","0018 ","0640","X",1,237,194,43,7,0,0,300,244,,
"20","007","007","0018 ","0641","X",1,245,193,52,2,0,0,299,0,,
"20","007","007","0018 ","0642","X",1,235,209,26,2,1,0,301,238,,
"20","007","007","0018 ","0643","X",1,233,188,45,1,1,0,302,235,,
"20","007","007","0018 ","0644","X",1,231,185,46,0,0,0,300,231,,
"20","007","007","0018 ","0645","X",1,245,210,35,6,0,0,300,251,,
"20","007","007","0018 ","0646","X",1,226,188,38,1,0,0,301,227,,
"20","007","007","0018 ","0647","X",1,229,202,27,0,1,0,304,232,,
"20","007","007","0018 ","0648","X",1,240,197,43,4,0,0,300,244,,
"20","007","007","0018 ","0649","X",1,243,193,50,5,0,0,301,248,,
"20","007","007","0018 ","0650","X",4,361,203,158,2,0,0,300,252,,
"20","007","007","0018 ","0651","X",1,228,173,55,1,0,0,300,229,,
"20","007","007","0018 ","0652","X",1,235,194,41,10,2,0,301,247,,
"20","007","007","0018 ","0653","X",1,227,193,34,4,2,0,301,233,,
"20","007","007","0018 ","0654","X",1,229,190,39,3,0,0,302,232,,
"20","007","007","0018 ","0655","X",1,240,195,45,0,1,0,301,0,,
"20","007","007","0018 ","0656","X",1,242,208,34,1,0,0,300,243,,
"20","007","007","0018 ","0657","X",1,241,200,41,6,0,0,300,247,,
"20","007","007","0018 ","0658","X",1,254,207,47,4,0,0,302,258,,
"20","007","007","0018 ","0659","X",1,243,205,38,2,0,0,300,245,,
"20","007","007","0018 ","0660","X",1,235,181,54,0,0,0,300,235,,
"20","007","007","0018 ","0661","X",1,224,182,42,3,0,0,303,228,,
"20","007","007","0018 ","0662","X",1,229,197,32,2,0,0,302,225,,
"20","007","007","0018 ","0663","X",1,234,196,38,2,0,0,300,236,,
"20","007","007","0018 ","0664","X",1,257,208,49,2,0,0,300,258,,
"20","007","007","0018 ","0665","X",1,248,202,46,1,0,0,299,249,,
"20","007","007","0018 ","0666","X",1,237,203,34,3,2,0,300,241,,
"20","007","007","0018 ","0667","X",1,247,198,49,2,0,0,302,249,,
"20","007","007","0018 ","0668","X",1,232,192,40,4,0,0,299,236,,
"20","007","007","0018 ","0669","X",1,245,203,42,2,0,0,302,247,,
"20","007","007","0018 ","0670","X",1,200,163,37,0,0,0,301,251,,
"20","007","007","0018 ","0671","X",1,233,196,37,1,0,0,303,234,,
"20","007","007","0018 ","0672","X",1,230,200,30,2,0,0,301,0,,
"20","007","007","0018 ","0673","X",1,235,207,28,2,0,0,300,237,,
"20","007","007","0018 ","0674","X",1,253,200,53,1,0,0,302,243,,
"20","007","007","0018 ","0675","X",1,237,201,36,2,0,0,303,239,,
"20","007","007","0018 ","0676","X",1,280,235,45,1,0,0,300,233,,
"20","007","007","0018 ","0677","X",1,226,199,27,3,0,0,303,229,,
"20","007","007","0018 ","0678","X",1,243,202,41,1,0,0,299,243,,
"20","007","007","0018 ","0679","X",1,243,194,49,2,0,0,302,236,,
"20","007","007","0018 ","0680","X",1,148,113,35,3,1,0,306,235,,
"20","007","007","0018 ","0681","X",4,309,170,139,1,0,0,300,216,,
"20","007","007","0018 ","0682","X",1,246,201,45,0,0,0,300,246,,
"20","007","007","0018 ","0683","X",1,236,211,25,8,0,0,303,244,,
"20","007","007","0018 ","0684","X",1,237,199,38,4,0,0,300,241,,
"20","007","007","0018 ","0685","X",1,226,203,23,4,1,0,303,0,,
"20","007","007","0018 ","0686","X",1,219,179,40,2,0,0,301,233,,
"20","007","007","0018 ","0687","X",1,243,203,40,1,1,0,301,245,,
"20","007","007","0018 ","0688","X",1,215,166,49,2,1,0,302,218,,
"20","007","007","0018 ","0689","X",1,238,197,41,2,0,0,302,238,,
"20","007","007","0018 ","0690","X",1,242,202,40,3,0,0,302,245,,
"20","007","007","0018 ","0691","X",1,163,136,27,4,0,0,306,218,,
"20","007","007","0018 ","0692","X",1,233,169,64,2,0,0,302,235,,
"20","007","007","0018 ","0693","X",1,216,182,34,2,0,0,299,218,,
"20","007","007","0018 ","0694","X",1,229,192,37,6,0,0,300,235,,
"20","007","007","0018 ","0695","X",1,238,204,34,4,0,0,302,242,,
"20","007","007","0018 ","0696","X",1,222,174,48,3,0,0,299,214,,
"20","007","007","0018 ","0697","X",1,216,214,2,0,1,0,302,217,,
"20","007","007","0018 ","0698","X",1,205,163,42,4,0,0,301,216,,
"20","007","007","0018 ","0699","X",4,240,198,42,2,0,0,300,242,,
"20","007","007","0018 ","0700","X",1,248,193,55,1,0,0,303,248,,
"20","007","007","0018 ","0701","X",1,253,213,40,2,0,0,300,255,,
"20","007","007","0018 ","0702","X",1,243,197,46,1,0,0,303,244,,
"20","007","007","0018 ","0703","X",1,249,189,60,4,0,0,299,253,,
"20","007","007","0018 ","0704","X",1,250,206,44,2,0,0,301,252,,
"20","007","007","0018 ","0705","X",1,216,181,35,7,0,0,300,223,,
"20","007","007","0018 ","0706","X",1,223,192,31,3,0,0,299,227,,
"20","007","007","0018 ","0707","X",1,237,195,42,4,0,0,300,241,,
"20","007","007","0018 ","0708","X",1,252,210,42,3,0,0,300,255,,
"20","007","007","0018 ","0709","X",1,227,191,36,0,0,0,300,0,,
"20","007","007","0018 ","0710","X",1,127,109,18,3,0,0,302,217,,
"20","007","007","0018 ","0711","X",1,220,180,40,3,0,0,300,223,,
"20","007","007","0018 ","0712","X",1,244,185,59,0,0,0,302,244,,
"20","007","007","0018 ","0713","X",1,230,187,43,0,0,0,299,230,,
"20","007","007","0018 ","0714","X",1,234,199,35,2,0,0,301,236,,
"20","007","007","0018 ","0715","X",1,233,198,35,2,0,0,301,235,,
"20","007","007","0018 ","0716","X",1,239,204,35,4,0,0,302,243,,
"20","007","007","0018 ","0717","X",1,244,199,45,0,0,0,299,244,,
"20","007","007","0018 ","0718","X",1,232,194,38,1,0,0,300,233,,
"20","007","007","0018 ","0719","X",1,240,200,40,3,0,0,301,243,,
"20","007","007","0018 ","0720","X",1,217,193,24,2,0,0,303,229,,
"20","007","007","0018 ","0721","X",1,181,181,0,0,0,0,303,225,,
"20","007","007","0018 ","0722","X",1,230,193,37,2,0,0,303,233,,
"20","007","007","0018 ","0723","X",1,249,203,46,0,0,0,300,249,,
"20","007","007","0018 ","0724","X",1,236,198,38,7,0,0,301,243,,
"20","007","007","0018 ","0725","X",1,219,177,42,6,0,0,300,225,,
"20","007","007","0018 ","0726","X",1,235,195,40,0,0,0,303,237,,
"20","007","007","0018 ","0727","X",1,225,176,49,3,0,0,301,228,,
"20","007","007","0018 ","0728","X",1,247,213,34,5,0,0,301,252,,
"20","007","007","0018 ","0729","X",1,257,216,41,3,1,1,299,262,,
"20","007","007","0018 ","0730","X",1,244,189,55,4,0,0,298,248,,
"20","007","007","0018 ","0731","X",1,215,182,33,2,1,0,301,239,,
"20","007","007","0018 ","0732","X",1,242,204,38,1,0,0,300,243,,
"20","007","007","0018 ","0733","X",1,250,192,58,0,0,0,301,250,,
"20","007","007","0018 ","0734","X",1,249,205,44,3,0,0,299,252,,
"20","007","007","0018 ","0735","X",1,248,197,51,0,0,0,299,248,,
"20","007","007","0018 ","0736","X",1,230,199,31,3,0,0,300,0,,
"20","007","007","0018 ","0737","X",1,263,213,50,1,0,0,302,264,,
"20","007","007","0018 ","0738","X",1,233,192,41,0,1,0,300,234,,
"20","007","007","0018 ","0739","X",1,249,208,41,2,0,0,299,250,,
"20","007","007","0018 ","0740","X",1,252,207,45,5,0,0,300,257,,
"20","007","007","0018 ","0741","X",1,242,193,49,3,0,0,300,245,,
"20","007","007","0018 ","0742","X",1,233,186,47,2,0,0,300,235,,
"20","007","007","0018 ","0743","X",1,219,184,35,1,0,0,300,220,,
"20","007","007","0018 ","0744","X",1,227,195,32,3,0,0,300,230,,
"20","007","007","0018 ","0745","X",1,236,207,29,3,1,0,300,242,,
"20","007","007","0018 ","0746","X",1,242,188,54,3,0,0,302,245,,
"20","007","007","0018 ","0747","X",1,218,193,25,2,0,0,300,220,,
"20","007","007","0018 ","0748","X",1,214,184,30,5,0,0,300,220,,
"20","007","007","0018 ","0749","X",1,219,188,31,5,0,1,300,225,,
"20","007","007","0018 ","0750","X",1,232,207,25,0,0,0,301,232,,
"20","007","007","0018 ","0751","X",1,205,176,29,3,0,0,273,207,,
"20","007","007","0018 ","0752","X",1,197,163,34,2,0,0,273,209,,
"20","007","007","0019 ","0753","X",0,0,0,0,0,0,0,63,0,,
"20","007","007","0020 ","0754","X",1,25,16,9,1,0,0,50,29,,
"20","007","008","0021 ","0755","X",1,229,180,49,5,0,0,303,234,,
"20","007","008","0021 ","0756","X",1,237,184,53,1,0,0,301,0,,
"20","007","008","0021 ","0757","X",1,223,169,54,3,0,0,304,226,,
"20","007","008","0021 ","0758","X",1,229,184,45,2,0,0,303,231,,
"20","007","008","0021 ","0759","X",1,226,176,50,0,0,0,302,226,,
"20","007","008","0021 ","0760","X",1,219,150,69,1,0,0,304,220,,
"20","007","008","0021 ","0761","X",1,234,180,54,2,0,0,298,236,,
"20","007","008","0021 ","0762","X",1,231,184,47,4,0,0,303,241,,
"20","007","008","0021 ","0763","X",1,224,182,42,2,0,0,304,226,,
"20","007","008","0021 ","0764","X",1,223,188,35,2,0,0,304,225,,
"20","007","008","0021 ","0765","X",1,231,190,41,1,0,0,304,232,,
"20","007","008","0021 ","0766","X",1,234,186,48,5,0,0,301,239,,
"20","007","008","0021 ","0767","X",1,239,192,47,2,0,0,303,241,,
"20","007","008","0021 ","0768","X",1,235,185,50,1,0,0,304,236,,
"20","007","008","0021 ","0769","X",1,231,183,48,0,0,0,298,231,,
"20","007","008","0021 ","0770","X",1,229,179,50,2,0,0,301,231,,
"20","007","008","0021 ","0771","X",1,231,184,47,1,1,0,301,233,,
"20","007","008","0021 ","0772","X",1,232,190,42,4,0,0,303,236,,
"20","007","008","0021 ","0773","X",0,0,0,0,0,0,0,303,0,,
"20","007","008","0021 ","0774","X",1,221,171,50,5,0,0,301,226,,
"20","007","008","0021 ","0775","X",1,211,159,52,4,0,0,301,215,,
"20","007","008","0021 ","0776","X",1,184,151,33,0,0,0,305,219,,
"20","007","008","0021 ","0777","X",1,228,175,53,4,0,0,304,232,,
"20","007","008","0021 ","0778","X",1,234,189,45,0,0,0,305,234,,
"20","007","008","0021 ","0779","X",1,235,190,45,3,0,0,302,238,,
"20","007","008","0021 ","0780","X",1,228,184,44,7,0,0,302,235,,
"20","007","008","0021 ","0781","X",1,225,180,45,10,0,0,303,235,,
"20","007","008","0021 ","0782","X",1,222,159,63,1,0,0,305,218,,
"20","007","008","0021 ","0783","X",1,219,178,41,1,0,0,301,223,,
"20","007","008","0021 ","0784","X",1,156,126,30,0,0,0,216,156,,
"20","007","008","0021 ","0785","X",1,167,135,32,1,0,0,219,168,,
"20","007","008","0021A","0786","X",1,0,0,0,0,0,0,8,2,,
"20","007","009","0021B","0787","X",1,235,198,37,2,0,0,304,0,,
"20","007","009","0021B","0788","X",1,230,185,45,7,0,0,305,237,,
"20","007","009","0021B","0789","X",1,236,209,27,3,0,0,303,239,,
"20","007","009","0021B","0790","X",1,220,196,24,4,0,0,308,223,,
"20","007","009","0021B","0791","X",1,245,202,43,2,0,0,305,247,,
"20","007","009","0021B","0792","X",1,234,204,30,4,0,0,301,238,,
"20","007","009","0021B","0793","X",4,249,206,43,0,0,0,308,249,,
"20","007","009","0021B","0794","X",1,234,199,35,1,0,0,302,235,,
"20","007","009","0021B","0795","X",1,226,199,27,1,0,0,304,227,,
"20","007","009","0021B","0796","X",1,208,185,23,5,0,0,302,213,,
"20","007","009","0021B","0797","X",4,234,204,30,5,0,0,308,239,,
"20","007","009","0021B","0798","X",1,225,194,31,2,0,0,300,227,,
"20","007","009","0021B","0799","X",1,220,188,32,3,1,0,302,224,,
"20","007","009","0021B","0800","X",1,221,180,41,3,0,0,304,224,,
"20","007","009","0021B","0801","X",1,224,201,23,2,0,0,302,226,,
"20","007","009","0021B","0802","X",1,244,214,30,1,0,0,299,245,,
"20","007","009","0021B","0803","X",1,225,181,44,2,0,0,307,227,,
"20","007","009","0021B","0804","X",1,235,215,20,4,0,0,305,232,,
"20","007","009","0021B","0805","X",1,240,210,30,2,0,0,307,240,,
"20","007","009","0021B","0806","X",1,227,207,20,0,0,0,303,220,,
"20","007","009","0021B","0807","X",1,219,195,24,3,0,0,304,220,,
"20","007","009","0021B","0808","X",1,232,196,36,8,0,0,302,237,,
"20","007","009","0021B","0809","X",1,148,126,22,3,0,0,218,141,,
"20","007","009","0021B","0810","X",1,172,152,20,3,0,0,227,175,,
