pre_proCodigoProvincia,pre_depCodigoDepartamento,pre_munCodigoMunicipio,preMesasTotales,preMesasEscrutadas,prePorcenMesasEscrutadas,preVotosValidos,prePorcenVotosValidos,preVotosPositivos,prePorcenVotosPositivos,preVotosEnBlanco,prePorcenVotosEnBlanco,preVotosNulos,prePorcenVotosNulos,preVotosRecurridos,prePorcenVotosRecurridos,preElectores,preTotalVotantes,prePTotalVotantes,preParticipEscrutado,prePorcParticipEscrutado,preParticipacion,preCandidatos,OT_Codigo,OT_Votos,OT_PVotos
"02","001","999",45,42,9.33300018e+01,10519,9.98700027e+01,9477,8.99700012e+01,1042,9.89000034e+00,14,1.29999995e-01,0,0.00000000e+00,14241,10533,7.39599991e+01,,7.98600006e+01,,,"9997",0,0.00000000e+00
"02","002","999",30,29,9.66699982e+01,7617,9.99499969e+01,7076,9.28499985e+01,541,7.09999990e+00,3,3.99999991e-02,1,9.99999978e-03,9209,7621,8.27600021e+01,,8.60299988e+01,,,"9997",0,0.00000000e+00
"02","003","999",1237,1196,9.66900024e+01,331446,9.91600037e+01,303298,9.07399979e+01,28148,8.42000008e+00,2581,7.69999981e-01,228,7.00000003e-02,434038,334255,7.70100021e+01,,7.96600037e+01,,,"9997",0,0.00000000e+00
"02","004","999",848,827,9.75199966e+01,225925,9.95000000e+01,213479,9.40199966e+01,12446,5.48000002e+00,999,4.39999998e-01,136,5.99999987e-02,297007,227060,7.64499969e+01,,7.83899994e+01,,,"9997",0,0.00000000e+00
"02","005","999",59,52,8.81399994e+01,12971,9.96500015e+01,11162,8.57600021e+01,1809,1.38999996e+01,35,2.70000011e-01,10,7.00000003e-02,17091,13016,7.61600037e+01,,8.34599991e+01,,,"9997",0,0.00000000e+00
"02","006","999",168,164,9.76200027e+01,42285,9.92200012e+01,37699,8.84599991e+01,4586,1.07600002e+01,322,7.59999990e-01,10,1.99999996e-02,55377,42617,7.69599991e+01,,7.89499969e+01,,,"9997",0,0.00000000e+00
"02","007","999",708,679,9.59000015e+01,180626,9.90299988e+01,166260,9.11600037e+01,14366,7.88000011e+00,1658,9.10000026e-01,105,5.00000007e-02,245619,182389,7.42600021e+01,,7.74599991e+01,,,"9997",0,0.00000000e+00
"02","008","999",112,105,9.37500000e+01,29052,9.96699982e+01,26419,9.06299973e+01,2633,9.02999973e+00,91,3.10000002e-01,6,2.99999993e-02,38013,29149,7.66800003e+01,,8.19599991e+01,,,"9997",0,0.00000000e+00
"02","009","999",85,82,9.64700012e+01,21847,9.95299988e+01,19815,9.02699966e+01,2032,9.26000023e+00,98,4.49999988e-01,5,1.99999996e-02,27435,21950,8.00100021e+01,,8.31800003e+01,,,"9997",0,0.00000000e+00
"02","010","999",72,72,1.00000000e+02,20319,9.98099976e+01,18739,9.20500031e+01,1580,7.76000023e+00,37,1.80000007e-01,2,9.99999978e-03,24018,20358,8.47600021e+01,,8.47600021e+01,,,"9997",0,0.00000000e+00
"02","011","999",731,706,9.65800018e+01,200945,9.95800018e+01,180974,8.96800003e+01,19971,9.89999962e+00,792,3.89999986e-01,65,2.99999993e-02,254503,201802,7.92900009e+01,,8.21100006e+01,,,"9997",0,0.00000000e+00
"02","012","999",222,214,9.64000015e+01,60991,9.93300018e+01,55787,9.08600006e+01,5204,8.47999954e+00,295,4.79999989e-01,114,1.80000007e-01,77615,61400,7.91100006e+01,,8.20699997e+01,,,"9997",0,0.00000000e+00
"02","013","999",93,91,9.78499985e+01,24156,9.94400024e+01,22121,9.10599976e+01,2035,8.38000011e+00,108,4.39999998e-01,29,1.19999997e-01,29812,24293,8.14899979e+01,,8.24899979e+01,,,"9997",0,0.00000000e+00
"02","014","999",107,106,9.90699997e+01,28772,9.91900024e+01,26823,9.24700012e+01,1949,6.71999979e+00,227,7.79999971e-01,8,2.99999993e-02,35200,29007,8.24100037e+01,,8.32300034e+01,,,"9997",0,0.00000000e+00
"02","015","999",66,63,9.54499969e+01,17519,9.92500000e+01,15539,8.80299988e+01,1980,1.12200003e+01,111,6.29999995e-01,22,1.19999997e-01,21985,17652,8.02900009e+01,,8.43199997e+01,,,"9997",0,0.00000000e+00
"02","016","999",217,207,9.53899994e+01,59539,9.94300003e+01,54383,9.08199997e+01,5156,8.60999966e+00,296,4.90000010e-01,45,7.99999982e-02,75340,59880,7.94800034e+01,,8.33499985e+01,,,"9997",0,0.00000000e+00
"02","017","999",121,119,9.83499985e+01,32789,9.93000031e+01,30568,9.25800018e+01,2221,6.73000002e+00,210,6.39999986e-01,20,5.00000007e-02,40793,33019,8.09400024e+01,,8.23600006e+01,,,"9997",0,0.00000000e+00
"02","018","999",36,35,9.72200012e+01,9681,9.96200027e+01,8481,8.72699966e+01,1200,1.23500004e+01,27,2.80000001e-01,10,1.00000001e-01,12004,9718,8.09599991e+01,,8.33899994e+01,,,"9997",0,0.00000000e+00
"02","019","999",59,58,9.83099976e+01,15035,9.98499985e+01,13750,9.13099976e+01,1285,8.52999973e+00,15,1.00000001e-01,8,5.99999987e-02,18732,15058,8.03899994e+01,,8.19100037e+01,,,"9997",0,0.00000000e+00
"02","020","999",31,31,1.00000000e+02,8762,9.96900024e+01,8196,9.32500000e+01,566,6.44000006e+00,20,2.30000004e-01,7,7.99999982e-02,9841,8789,8.93099976e+01,,8.93099976e+01,,,"9997",0,0.00000000e+00
"02","021","999",38,38,1.00000000e+02,10459,9.98099976e+01,9153,8.73499985e+01,1306,1.24600000e+01,17,1.59999996e-01,3,2.99999993e-02,12471,10479,8.40299988e+01,,8.40299988e+01,,,"9997",0,0.00000000e+00
"02","022","999",77,74,9.60999985e+01,19107,9.95899963e+01,17391,9.06500015e+01,1716,8.93999958e+00,70,3.60000014e-01,8,5.00000007e-02,26035,19185,7.36900024e+01,,7.68000031e+01,,,"9997",0,0.00000000e+00
"02","023","999",24,23,9.58300018e+01,5895,9.97600021e+01,5402,9.14199982e+01,493,8.34000015e+00,13,2.19999999e-01,1,1.99999996e-02,7356,5909,8.03300018e+01,,8.43300018e+01,,,"9997",0,0.00000000e+00
"02","024","999",61,58,9.50800018e+01,16027,9.96600037e+01,14476,9.00199966e+01,1551,9.64000034e+00,50,3.10000002e-01,4,2.99999993e-02,20432,16081,7.86999969e+01,,8.29599991e+01,,,"9997",0,0.00000000e+00
"02","025","999",46,46,1.00000000e+02,11179,9.96299973e+01,9758,8.69599991e+01,1421,1.26599998e+01,39,3.49999994e-01,3,2.99999993e-02,13617,11221,8.24000015e+01,,8.24000015e+01,,,"9997",0,0.00000000e+00
"02","026","999",63,62,9.84100037e+01,15573,9.96699982e+01,13258,8.48499985e+01,2315,1.48199997e+01,45,2.89999992e-01,7,3.99999991e-02,20038,15625,7.79800034e+01,,7.93700027e+01,,,"9997",0,0.00000000e+00
"02","027","999",144,141,9.79199982e+01,36458,9.95000000e+01,33551,9.15699997e+01,2907,7.92999983e+00,178,4.90000010e-01,5,9.99999978e-03,48407,36641,7.56900024e+01,,7.73700027e+01,,,"9997",0,0.00000000e+00
"02","028","999",103,96,9.31999969e+01,25534,9.93600006e+01,23045,8.96699982e+01,2489,9.68999958e+00,153,6.00000024e-01,12,3.99999991e-02,33417,25699,7.69000015e+01,,8.20899963e+01,,,"9997",0,0.00000000e+00
"02","029","999",122,120,9.83600006e+01,33104,9.94199982e+01,31409,9.43300018e+01,1695,5.09000015e+00,172,5.19999981e-01,20,5.99999987e-02,40257,33296,8.27099991e+01,,8.41699982e+01,,,"9997",0,0.00000000e+00
"02","030","999",94,93,9.89400024e+01,25918,9.98499985e+01,23422,9.02300034e+01,2496,9.61999989e+00,34,1.29999995e-01,6,1.99999996e-02,31031,25958,8.36500015e+01,,8.36900024e+01,,,"9997",0,0.00000000e+00
"02","031","999",173,170,9.82699966e+01,46278,9.96200027e+01,43599,9.38600006e+01,2679,5.76999998e+00,151,3.30000013e-01,24,3.99999991e-02,56470,46453,8.22600021e+01,,8.38199997e+01,,,"9997",0,0.00000000e+00
"02","032","999",44,44,1.00000000e+02,12307,9.95899963e+01,11415,9.23700027e+01,892,7.21999979e+00,50,4.00000006e-01,1,9.99999978e-03,14225,12358,8.68799973e+01,,8.68799973e+01,,,"9997",0,0.00000000e+00
"02","033","999",70,68,9.71399994e+01,18642,9.94499969e+01,17068,9.10500031e+01,1574,8.39999962e+00,87,4.60000008e-01,16,9.00000036e-02,23369,18745,8.02099991e+01,,8.26900024e+01,,,"9997",0,0.00000000e+00
"02","034","999",149,145,9.73199997e+01,40652,9.94000015e+01,36722,8.97900009e+01,3930,9.60999966e+00,221,5.40000021e-01,25,5.99999987e-02,51843,40898,7.88899994e+01,,8.10800018e+01,,,"9997",0,0.00000000e+00
"02","035","999",486,466,9.58799973e+01,131257,9.95000000e+01,118585,8.99000015e+01,12672,9.60999966e+00,546,4.09999996e-01,108,7.99999982e-02,169936,131911,7.76200027e+01,,8.09599991e+01,,,"9997",0,0.00000000e+00
"02","036","999",643,629,9.78199997e+01,173456,9.92099991e+01,159323,9.11299973e+01,14133,8.07999992e+00,1241,7.09999979e-01,132,7.99999982e-02,226143,174829,7.73099976e+01,,7.90199966e+01,,,"9997",0,0.00000000e+00
"02","037","999",76,70,9.21100006e+01,19041,9.93300018e+01,17422,9.08899994e+01,1619,8.44999981e+00,116,6.10000014e-01,12,5.00000007e-02,25662,19169,7.46999969e+01,,8.13600006e+01,,,"9997",0,0.00000000e+00
"02","038","999",870,810,9.30999985e+01,224566,9.93600006e+01,198684,8.79100037e+01,25882,1.14499998e+01,1241,5.50000012e-01,211,9.00000036e-02,304902,226018,7.41299973e+01,,7.95299988e+01,,,"9997",0,0.00000000e+00
"02","039","999",101,97,9.60400009e+01,25419,9.94899979e+01,23664,9.26200027e+01,1755,6.86999989e+00,105,4.09999996e-01,26,1.00000001e-01,34005,25550,7.51399994e+01,,7.77500000e+01,,,"9997",0,0.00000000e+00
"02","040","999",27,25,9.25899963e+01,6461,9.99100037e+01,5722,8.84800034e+01,739,1.14300003e+01,6,9.00000036e-02,0,0.00000000e+00,8280,6467,7.80999985e+01,,8.19100037e+01,,,"9997",0,0.00000000e+00
"02","041","999",44,44,1.00000000e+02,12146,9.95599976e+01,11437,9.37500000e+01,709,5.80999994e+00,49,4.00000006e-01,5,3.99999991e-02,14241,12200,8.56699982e+01,,8.56699982e+01,,,"9997",0,0.00000000e+00
"02","042","999",48,48,1.00000000e+02,13068,9.97600021e+01,11966,9.13499985e+01,1102,8.40999985e+00,24,1.80000007e-01,7,5.99999987e-02,15449,13099,8.47900009e+01,,8.47900009e+01,,,"9997",0,0.00000000e+00
"02","043","999",9,9,1.00000000e+02,2107,9.98600006e+01,1923,9.11399994e+01,184,8.72000027e+00,3,1.40000001e-01,0,0.00000000e+00,2457,2110,8.58799973e+01,,8.58799973e+01,,,"9997",0,0.00000000e+00
"02","044","999",32,31,9.68799973e+01,7693,9.93700027e+01,6998,9.03899994e+01,695,8.97999954e+00,48,6.20000005e-01,1,9.99999978e-03,9398,7742,8.23799973e+01,,8.55599976e+01,,,"9997",0,0.00000000e+00
"02","045","999",38,36,9.47399979e+01,9493,9.95699997e+01,8877,9.31100006e+01,616,6.46000004e+00,36,3.79999995e-01,5,5.00000007e-02,12480,9534,7.63899994e+01,,8.09300003e+01,,,"9997",0,0.00000000e+00
"02","046","999",13,12,9.23099976e+01,2875,9.95800018e+01,2697,9.34199982e+01,178,6.17000008e+00,10,3.49999994e-01,2,5.99999987e-02,3771,2887,7.65599976e+01,,8.43700027e+01,,,"9997",0,0.00000000e+00
"02","047","999",52,50,9.61500015e+01,13295,9.96600037e+01,12187,9.13600006e+01,1108,8.31000042e+00,42,3.10000002e-01,3,1.99999996e-02,17053,13340,7.82300034e+01,,8.15699997e+01,,,"9997",0,0.00000000e+00
"02","048","999",35,33,9.42900009e+01,8474,9.98199997e+01,7997,9.41999969e+01,477,5.61999989e+00,8,9.00000036e-02,7,9.00000036e-02,10324,8489,8.22300034e+01,,8.81999969e+01,,,"9997",0,0.00000000e+00
"02","049","999",31,30,9.67699966e+01,7810,9.95800018e+01,7077,9.02300034e+01,733,9.35000038e+00,30,3.79999995e-01,3,3.99999991e-02,9537,7843,8.22399979e+01,,8.53700027e+01,,,"9997",0,0.00000000e+00
"02","050","999",1587,1540,9.70400009e+01,397791,9.90400009e+01,371438,9.24800034e+01,26353,6.55999994e+00,3602,8.99999976e-01,249,5.99999987e-02,556745,401642,7.21399994e+01,,7.43399963e+01,,,"9997",0,0.00000000e+00
"02","051","999",197,188,9.54300003e+01,53191,9.93499985e+01,47380,8.85000000e+01,5811,1.08500004e+01,295,5.50000012e-01,51,1.00000001e-01,69092,53537,7.74899979e+01,,8.12699966e+01,,,"9997",0,0.00000000e+00
"02","052","999",978,938,9.59100037e+01,254249,9.93300018e+01,238330,9.31100006e+01,15919,6.21999979e+00,1548,6.00000024e-01,158,7.00000003e-02,344370,255955,7.43300018e+01,,7.74700012e+01,,,"9997",0,0.00000000e+00
"02","053","999",642,629,9.79800034e+01,178060,9.93899994e+01,163409,9.12200012e+01,14651,8.18000031e+00,902,5.00000000e-01,185,1.00000001e-01,224902,179147,7.96600037e+01,,8.13399963e+01,,,"9997",0,0.00000000e+00
"02","054","999",49,45,9.18399963e+01,11743,9.96399994e+01,10703,9.08199997e+01,1040,8.81999969e+00,37,3.10000002e-01,5,5.00000007e-02,15532,11785,7.58799973e+01,,8.28199997e+01,,,"9997",0,0.00000000e+00
"02","055","999",76,74,9.73700027e+01,19476,9.97099991e+01,17825,9.12600021e+01,1651,8.44999981e+00,53,2.70000011e-01,4,1.99999996e-02,24301,19533,8.03799973e+01,,8.27600021e+01,,,"9997",0,0.00000000e+00
"02","056","999",32,32,1.00000000e+02,8768,9.93799973e+01,7427,8.41800003e+01,1341,1.51999998e+01,36,4.09999996e-01,19,2.09999993e-01,10420,8823,8.46699982e+01,,8.46699982e+01,,,"9997",0,0.00000000e+00
"02","057","999",31,28,9.03199997e+01,7516,9.99100037e+01,6987,9.28799973e+01,529,7.03000021e+00,6,7.99999982e-02,1,9.99999978e-03,9750,7523,7.71600037e+01,,8.51100006e+01,,,"9997",0,0.00000000e+00
"02","058","999",26,24,9.23099976e+01,5844,9.96900024e+01,5262,8.97600021e+01,582,9.93000031e+00,14,2.39999995e-01,4,7.00000003e-02,7872,5862,7.44700012e+01,,8.17200012e+01,,,"9997",0,0.00000000e+00
"02","059","999",55,52,9.45500031e+01,13417,9.93899994e+01,12255,9.07799988e+01,1162,8.60999966e+00,81,6.00000024e-01,2,9.99999978e-03,17051,13500,7.91699982e+01,,8.20800018e+01,,,"9997",0,0.00000000e+00
"02","060","999",228,225,9.86800003e+01,61023,9.95000000e+01,55950,9.12200012e+01,5073,8.27000046e+00,283,4.60000008e-01,26,5.00000007e-02,77012,61332,7.96399994e+01,,8.07399979e+01,,,"9997",0,0.00000000e+00
"02","061","999",2931,2796,9.53899994e+01,772030,9.94899979e+01,710723,9.15899963e+01,61307,7.90000010e+00,3491,4.49999988e-01,497,5.99999987e-02,1039718,776018,7.46399994e+01,,7.81800003e+01,,,"9997",0,0.00000000e+00
"02","062","999",1125,1078,9.58199997e+01,294200,9.95500031e+01,279050,9.44199982e+01,15150,5.13000011e+00,1186,4.00000006e-01,142,5.00000007e-02,394698,295528,7.48700027e+01,,7.80999985e+01,,,"9997",0,0.00000000e+00
"02","063","999",1596,1532,9.59899979e+01,420224,9.93600006e+01,395874,9.36100006e+01,24350,5.76000023e+00,2112,5.00000000e-01,583,1.29999995e-01,552687,422919,7.65199966e+01,,7.95599976e+01,,,"9997",0,0.00000000e+00
"02","064","999",31,30,9.67699966e+01,7575,9.96699982e+01,7053,9.28000031e+01,522,6.86999989e+00,19,2.50000000e-01,6,7.99999982e-02,9171,7600,8.28700027e+01,,8.30100021e+01,,,"9997",0,0.00000000e+00
"02","065","999",65,63,9.69199982e+01,16430,9.95899963e+01,14731,8.92900009e+01,1699,1.03000002e+01,65,3.89999986e-01,3,1.99999996e-02,20604,16498,8.00699997e+01,,8.28799973e+01,,,"9997",0,0.00000000e+00
"02","066","999",44,44,1.00000000e+02,11925,9.97300034e+01,10884,9.10299988e+01,1041,8.71000004e+00,31,2.59999990e-01,1,0.00000000e+00,14647,11957,8.16299973e+01,,8.16299973e+01,,,"9997",0,0.00000000e+00
"02","067","999",112,110,9.82099991e+01,29873,9.96800003e+01,27818,9.28300018e+01,2055,6.86000013e+00,88,2.89999992e-01,7,1.99999996e-02,35768,29968,8.37799988e+01,,8.48199997e+01,,,"9997",0,0.00000000e+00
"02","068","999",47,47,1.00000000e+02,11737,9.95299988e+01,11022,9.34599991e+01,715,6.05999994e+00,50,4.19999987e-01,6,5.99999987e-02,14239,11793,8.28199997e+01,,8.28199997e+01,,,"9997",0,0.00000000e+00
"02","069","999",91,88,9.66999969e+01,24343,9.96999969e+01,22308,9.13600006e+01,2035,8.32999992e+00,66,2.70000011e-01,8,3.99999991e-02,30122,24417,8.10599976e+01,,8.39800034e+01,,,"9997",0,0.00000000e+00
"02","070","999",1449,1404,9.68899994e+01,387529,9.93899994e+01,359007,9.20699997e+01,28522,7.30999994e+00,2089,5.40000021e-01,301,7.99999982e-02,513469,389919,7.59400024e+01,,7.83499985e+01,,,"9997",0,0.00000000e+00
"02","071","999",246,235,9.55299988e+01,65471,9.93799973e+01,60231,9.14300003e+01,5240,7.94999981e+00,374,5.69999993e-01,34,5.00000007e-02,85093,65879,7.74199982e+01,,8.08199997e+01,,,"9997",0,0.00000000e+00
"02","072","999",46,44,9.56500015e+01,11158,9.96699982e+01,10321,9.21900024e+01,837,7.48000002e+00,29,2.59999990e-01,8,7.00000003e-02,14331,11195,7.81200027e+01,,8.21299973e+01,,,"9997",0,0.00000000e+00
"02","073","999",31,31,1.00000000e+02,7874,9.96999969e+01,7245,9.17300034e+01,629,7.96000004e+00,21,2.70000011e-01,3,3.99999991e-02,9500,7898,8.31399994e+01,,8.31399994e+01,,,"9997",0,0.00000000e+00
"02","074","999",65,64,9.84599991e+01,17277,9.93799973e+01,16335,9.39700012e+01,942,5.42000008e+00,96,5.50000012e-01,11,5.99999987e-02,21516,17384,8.08000031e+01,,8.21200027e+01,,,"9997",0,0.00000000e+00
"02","075","999",120,118,9.83300018e+01,32960,9.93799973e+01,30100,9.07600021e+01,2860,8.61999989e+00,177,5.29999971e-01,28,9.00000036e-02,41572,33165,7.97799988e+01,,8.11399994e+01,,,"9997",0,0.00000000e+00
"02","076","999",157,154,9.80899963e+01,43112,9.94300003e+01,40458,9.33099976e+01,2654,6.11999989e+00,223,5.09999990e-01,24,5.99999987e-02,52957,43359,8.18799973e+01,,8.35299988e+01,,,"9997",0,0.00000000e+00
"02","077","999",1126,1062,9.43199997e+01,298471,9.93099976e+01,272309,9.06100006e+01,26162,8.71000004e+00,1836,6.10000014e-01,228,7.00000003e-02,396335,300535,7.58300018e+01,,8.03700027e+01,,,"9997",0,0.00000000e+00
"02","078","999",55,55,1.00000000e+02,14370,9.97399979e+01,13314,9.24100037e+01,1056,7.32999992e+00,36,2.50000000e-01,2,9.99999978e-03,17951,14408,8.02600021e+01,,8.02600021e+01,,,"9997",0,0.00000000e+00
"02","079","999",947,904,9.54599991e+01,256290,9.93099976e+01,230952,8.94899979e+01,25338,9.81999969e+00,1508,5.79999983e-01,277,1.09999999e-01,333566,258075,7.73700027e+01,,8.09800034e+01,,,"9997",0,0.00000000e+00
"02","080","999",789,777,9.84800034e+01,214580,9.93399963e+01,204873,9.48499985e+01,9707,4.48999977e+00,1272,5.89999974e-01,148,7.00000003e-02,277259,216000,7.79100037e+01,,7.90999985e+01,,,"9997",0,0.00000000e+00
"02","081","999",46,43,9.34800034e+01,11402,9.95100021e+01,10510,9.17300034e+01,892,7.78000021e+00,45,3.89999986e-01,11,1.00000001e-01,14126,11458,8.11100006e+01,,8.58799973e+01,,,"9997",0,0.00000000e+00
"02","082","999",238,231,9.70599976e+01,60920,9.93399963e+01,56742,9.25299988e+01,4178,6.80999994e+00,386,6.29999995e-01,18,2.99999993e-02,81746,61324,7.50199966e+01,,7.71100006e+01,,,"9997",0,0.00000000e+00
"02","083","999",125,123,9.84000015e+01,32757,9.95299988e+01,30510,9.26999969e+01,2247,6.82999992e+00,144,4.39999998e-01,12,2.99999993e-02,40391,32913,8.14899979e+01,,8.23799973e+01,,,"9997",0,0.00000000e+00
"02","084","999",281,279,9.92900009e+01,74779,9.93199997e+01,67623,8.98099976e+01,7156,9.50000000e+00,463,6.10000014e-01,50,7.99999982e-02,93333,75292,8.06699982e+01,,8.09899979e+01,,,"9997",0,0.00000000e+00
"02","085","999",101,100,9.90100021e+01,27259,9.92399979e+01,24489,8.91600037e+01,2770,1.00799999e+01,197,7.20000029e-01,11,3.99999991e-02,34033,27467,8.07099991e+01,,8.15400009e+01,,,"9997",0,0.00000000e+00
"02","086","999",16,16,1.00000000e+02,4322,9.98399963e+01,3937,9.09400024e+01,385,8.89000034e+00,5,1.19999997e-01,2,5.00000007e-02,5149,4329,8.40699997e+01,,8.40699997e+01,,,"9997",0,0.00000000e+00
"02","087","999",264,259,9.81100006e+01,69436,9.92799988e+01,64177,9.17600021e+01,5259,7.51999998e+00,457,6.49999976e-01,49,7.00000003e-02,87892,69942,7.95800018e+01,,8.09899979e+01,,,"9997",0,0.00000000e+00
"02","088","999",11,10,9.09100037e+01,2619,9.98899994e+01,2369,9.03499985e+01,250,9.52999973e+00,1,3.99999991e-02,2,7.99999982e-02,3047,2622,8.60500031e+01,,8.70800018e+01,,,"9997",0,0.00000000e+00
"02","089","999",623,615,9.87200012e+01,176629,9.92399979e+01,160811,9.03499985e+01,15818,8.89000034e+00,1079,6.10000014e-01,272,1.50000006e-01,219244,177980,8.11800003e+01,,8.21999969e+01,,,"9997",0,0.00000000e+00
"02","090","999",74,73,9.86500015e+01,18529,9.87300034e+01,16653,8.87300034e+01,1876,1.00000000e+01,160,8.50000024e-01,79,4.19999987e-01,25712,18768,7.29899979e+01,,7.40000000e+01,,,"9997",0,0.00000000e+00
"02","091","999",46,45,9.78300018e+01,11503,9.95400009e+01,10774,9.32300034e+01,729,6.30999994e+00,49,4.19999987e-01,4,3.99999991e-02,14477,11556,7.98199997e+01,,8.08199997e+01,,,"9997",0,0.00000000e+00
"02","092","999",1332,1266,9.50500031e+01,348257,9.95100021e+01,322279,9.20899963e+01,25978,7.42000008e+00,1472,4.19999987e-01,231,7.00000003e-02,468412,349960,7.47099991e+01,,7.85999985e+01,,,"9997",0,0.00000000e+00
"02","093","999",81,78,9.63000031e+01,21995,9.98000031e+01,19747,8.95999985e+01,2248,1.01999998e+01,36,1.59999996e-01,7,3.99999991e-02,27085,22038,8.13700027e+01,,8.46399994e+01,,,"9997",0,0.00000000e+00
"02","094","999",45,40,8.88899994e+01,10695,9.97900009e+01,9641,8.99499969e+01,1054,9.82999992e+00,19,1.80000007e-01,4,3.99999991e-02,13315,10718,8.05000000e+01,,8.73199997e+01,,,"9997",0,0.00000000e+00
"02","095","999",44,43,9.77300034e+01,11135,9.98899994e+01,10014,8.98399963e+01,1121,1.00600004e+01,9,7.99999982e-02,3,1.99999996e-02,13584,11147,8.20599976e+01,,8.42399979e+01,,,"9997",0,0.00000000e+00
"02","096","999",63,62,9.84100037e+01,16602,9.94400024e+01,14963,8.96299973e+01,1639,9.81999969e+00,87,5.19999981e-01,6,2.99999993e-02,20116,16695,8.29899979e+01,,8.44599991e+01,,,"9997",0,0.00000000e+00
"02","097","999",32,31,9.68799973e+01,7883,9.94700012e+01,7302,9.21399994e+01,581,7.32999992e+00,36,4.49999988e-01,6,7.99999982e-02,10032,7925,7.90000000e+01,,8.18499985e+01,,,"9997",0,0.00000000e+00
"02","098","999",55,54,9.81800003e+01,13596,9.89199982e+01,12855,9.35299988e+01,741,5.38999987e+00,142,1.02999997e+00,6,5.00000007e-02,18027,13744,7.62399979e+01,,7.77500000e+01,,,"9997",0,0.00000000e+00
"02","099","999",82,82,1.00000000e+02,21837,9.93700027e+01,19593,8.91600037e+01,2244,1.02100000e+01,135,6.10000014e-01,3,1.99999996e-02,26889,21975,8.17200012e+01,,8.17200012e+01,,,"9997",0,0.00000000e+00
"02","100","999",24,23,9.58300018e+01,6088,9.97500000e+01,5446,8.92300034e+01,642,1.05200005e+01,10,1.59999996e-01,5,9.00000036e-02,7712,6103,7.91399994e+01,,8.28899994e+01,,,"9997",0,0.00000000e+00
"02","101","999",82,80,9.75599976e+01,21331,9.98199997e+01,19387,9.07200012e+01,1944,9.10000038e+00,37,1.70000002e-01,1,9.99999978e-03,27369,21369,7.80800018e+01,,8.01200027e+01,,,"9997",0,0.00000000e+00
"02","102","999",57,57,1.00000000e+02,15343,9.98300018e+01,13229,8.60800018e+01,2114,1.37500000e+01,20,1.29999995e-01,6,3.99999991e-02,18564,15369,8.27900009e+01,,8.27900009e+01,,,"9997",0,0.00000000e+00
"02","103","999",60,60,1.00000000e+02,16777,9.96500015e+01,15606,9.26900024e+01,1171,6.96000004e+00,51,3.00000012e-01,8,5.00000007e-02,19532,16836,8.61999969e+01,,8.61999969e+01,,,"9997",0,0.00000000e+00
"02","104","999",25,24,9.60000000e+01,5751,9.98399963e+01,5196,9.02099991e+01,555,9.64000034e+00,9,1.59999996e-01,0,0.00000000e+00,7159,5760,8.04599991e+01,,8.13300018e+01,,,"9997",0,0.00000000e+00
"02","105","999",382,369,9.65999985e+01,100936,9.95999985e+01,93327,9.20899963e+01,7609,7.51000023e+00,333,3.30000013e-01,71,7.00000003e-02,132188,101340,7.66600037e+01,,7.93899994e+01,,,"9997",0,0.00000000e+00
"02","106","999",799,790,9.88700027e+01,216676,9.93799973e+01,207555,9.51900024e+01,9121,4.17999983e+00,1116,5.09999990e-01,243,1.19999997e-01,281226,218035,7.75299988e+01,,7.84100037e+01,,,"9997",0,0.00000000e+00
"02","107","999",351,348,9.91500015e+01,97259,9.94800034e+01,88781,9.08099976e+01,8478,8.67000008e+00,485,5.00000000e-01,27,1.99999996e-02,120784,97771,8.09499969e+01,,8.16600037e+01,,,"9997",0,0.00000000e+00
"02","108","999",143,138,9.65000000e+01,37726,9.94899979e+01,33742,8.89800034e+01,3984,1.05100002e+01,177,4.69999999e-01,16,3.99999991e-02,47783,37919,7.93600006e+01,,8.19800034e+01,,,"9997",0,0.00000000e+00
"02","109","999",143,140,9.79000015e+01,39329,9.92600021e+01,35520,8.96500015e+01,3809,9.60999966e+00,251,6.29999995e-01,42,1.09999999e-01,49637,39622,7.98199997e+01,,8.15400009e+01,,,"9997",0,0.00000000e+00
"02","110","999",30,30,1.00000000e+02,7767,9.98199997e+01,7222,9.28199997e+01,545,7.00000000e+00,12,1.50000006e-01,2,2.99999993e-02,9053,7781,8.59499969e+01,,8.59499969e+01,,,"9997",0,0.00000000e+00
"02","111","999",301,292,9.70100021e+01,80457,9.92600021e+01,73797,9.10500031e+01,6660,8.22000027e+00,563,6.89999998e-01,35,3.99999991e-02,104027,81055,7.79199982e+01,,8.03399963e+01,,,"9997",0,0.00000000e+00
"02","112","999",28,27,9.64300003e+01,6792,9.97799988e+01,6240,9.16699982e+01,552,8.10999966e+00,12,1.80000007e-01,3,3.99999991e-02,8187,6807,8.31399994e+01,,8.39499969e+01,,,"9997",0,0.00000000e+00
"02","113","999",836,823,9.84400024e+01,235790,9.92900009e+01,219825,9.25599976e+01,15965,6.71999979e+00,1369,5.79999983e-01,324,1.40000001e-01,293482,237483,8.09199982e+01,,8.21900024e+01,,,"9997",0,0.00000000e+00
"02","114","999",39,36,9.23099976e+01,9300,9.93600006e+01,8673,9.26600037e+01,627,6.69999981e+00,55,5.89999974e-01,5,5.00000007e-02,12156,9360,7.70000000e+01,,8.19499969e+01,,,"9997",0,0.00000000e+00
"02","115","999",115,113,9.82600021e+01,29255,9.97099991e+01,25903,8.82900009e+01,3352,1.14300003e+01,82,2.80000001e-01,2,0.00000000e+00,37370,29339,7.85100021e+01,,7.92799988e+01,,,"9997",0,0.00000000e+00
"02","116","999",5,5,1.00000000e+02,1539,9.93499985e+01,1407,9.08300018e+01,132,8.52000046e+00,5,3.19999993e-01,5,3.30000013e-01,1734,1549,8.93300018e+01,,8.93300018e+01,,,"9997",0,0.00000000e+00
"02","117","999",156,153,9.80800018e+01,38877,9.94599991e+01,34063,8.71399994e+01,4814,1.23199997e+01,201,5.09999990e-01,10,2.99999993e-02,50999,39088,7.66399994e+01,,7.80199966e+01,,,"9997",0,0.00000000e+00
"02","118","999",834,821,9.84400024e+01,224344,9.94000015e+01,213301,9.45100021e+01,11043,4.88999987e+00,1194,5.29999971e-01,152,7.00000003e-02,293823,225690,7.68099976e+01,,7.80199966e+01,,,"9997",0,0.00000000e+00
"02","119","999",192,190,9.89599991e+01,50534,9.91200027e+01,47125,9.24300003e+01,3409,6.69000006e+00,326,6.39999986e-01,122,2.39999995e-01,66215,50982,7.69899979e+01,,7.78099976e+01,,,"9997",0,0.00000000e+00
"02","120","999",23,23,1.00000000e+02,6025,9.89800034e+01,5566,9.14400024e+01,459,7.53999996e+00,29,4.79999989e-01,33,5.40000021e-01,7909,6087,7.69599991e+01,,7.69599991e+01,,,"9997",0,0.00000000e+00
"02","121","999",94,91,9.68099976e+01,24078,9.94300003e+01,20984,8.66500015e+01,3094,1.27799997e+01,127,5.19999981e-01,12,5.00000007e-02,30284,24217,7.99700012e+01,,8.22399979e+01,,,"9997",0,0.00000000e+00
"02","122","999",697,690,9.90000000e+01,186664,9.94499969e+01,181473,9.66900024e+01,5191,2.76999998e+00,895,4.79999989e-01,132,5.99999987e-02,244426,187691,7.67900009e+01,,7.75599976e+01,,,"9997",0,0.00000000e+00
"02","123","999",82,81,9.87799988e+01,21137,9.93700027e+01,19414,9.12699966e+01,1723,8.10000038e+00,72,3.40000004e-01,61,2.89999992e-01,28700,21270,7.41100006e+01,,7.50299988e+01,,,"9997",0,0.00000000e+00
"02","124","999",74,74,1.00000000e+02,19784,9.85800018e+01,17459,8.69899979e+01,2325,1.15900002e+01,119,5.89999974e-01,166,8.29999983e-01,25256,20069,7.94599991e+01,,7.94599991e+01,,,"9997",0,0.00000000e+00
"02","125","999",266,260,9.77399979e+01,73035,9.95100021e+01,65948,8.98600006e+01,7087,9.65999985e+00,345,4.69999999e-01,11,9.99999978e-03,91431,73391,8.02699966e+01,,8.21600037e+01,,,"9997",0,0.00000000e+00
"02","126","999",20,20,1.00000000e+02,5552,9.97699966e+01,4891,8.78899994e+01,661,1.18800001e+01,6,1.09999999e-01,7,1.19999997e-01,6405,5565,8.68899994e+01,,8.68899994e+01,,,"9997",0,0.00000000e+00
"02","127","999",25,24,9.60000000e+01,6667,9.96100006e+01,6451,9.63799973e+01,216,3.23000002e+00,24,3.60000014e-01,2,2.99999993e-02,7922,6693,8.44899979e+01,,8.83899994e+01,,,"9997",0,0.00000000e+00
"02","128","999",172,169,9.82600021e+01,49507,9.92900009e+01,43556,8.73600006e+01,5951,1.19399996e+01,283,5.69999993e-01,70,1.29999995e-01,60326,49860,8.26500015e+01,,8.39700012e+01,,,"9997",0,0.00000000e+00
"02","129","999",593,578,9.74700012e+01,162830,9.92699966e+01,146443,8.92799988e+01,16387,9.98999977e+00,1094,6.70000017e-01,105,5.99999987e-02,209186,164029,7.84100037e+01,,8.04300003e+01,,,"9997",0,0.00000000e+00
"02","130","999",721,696,9.65299988e+01,203562,9.95699997e+01,187097,9.15100021e+01,16465,8.05000019e+00,743,3.60000014e-01,140,7.99999982e-02,252447,204445,8.09899979e+01,,8.38899994e+01,,,"9997",0,0.00000000e+00
"02","131","999",28,27,9.64300003e+01,7097,9.94300003e+01,6336,8.87600021e+01,761,1.06599998e+01,28,3.89999986e-01,13,1.89999998e-01,9073,7138,7.86699982e+01,,8.18300018e+01,,,"9997",0,0.00000000e+00
"02","132","999",345,332,9.62300034e+01,95711,9.93899994e+01,86028,8.93399963e+01,9683,1.00600004e+01,529,5.50000012e-01,54,5.00000007e-02,122014,96294,7.89199982e+01,,8.19800034e+01,,,"9997",0,0.00000000e+00
"02","133","999",406,397,9.77799988e+01,112846,9.95899963e+01,106693,9.41600037e+01,6153,5.42999983e+00,385,3.40000004e-01,75,7.00000003e-02,142028,113306,7.97799988e+01,,8.15899963e+01,,,"9997",0,0.00000000e+00
"02","134","999",428,415,9.69599991e+01,117868,9.93399963e+01,110686,9.32799988e+01,7182,6.05000019e+00,702,5.89999974e-01,84,7.99999982e-02,150639,118654,7.87699966e+01,,8.11900024e+01,,,"9997",0,0.00000000e+00
"02","135","999",15,15,1.00000000e+02,4162,9.98099976e+01,3802,9.11800003e+01,360,8.63000011e+00,4,1.00000001e-01,4,9.00000036e-02,4746,4170,8.78600006e+01,,8.78600006e+01,,,"9997",0,0.00000000e+00
"02","991","999",12338,11981,9.71100006e+01,3353987,9.93799973e+01,3114830,9.22900009e+01,239157,7.09000015e+00,17980,5.29999971e-01,2902,9.00000036e-02,4324770,3374869,7.80400009e+01,,8.03399963e+01,,,"9997",0,0.00000000e+00
"02","992","999",1735,1697,9.78099976e+01,466878,9.95299988e+01,423666,9.03199997e+01,43212,9.21000004e+00,2040,4.30000007e-01,167,3.99999991e-02,582578,469085,8.05199966e+01,,8.23399963e+01,,,"9997",0,0.00000000e+00
"02","993","999",12549,12053,9.60500031e+01,3337450,9.94199982e+01,3069502,9.14400024e+01,267948,7.98000002e+00,17115,5.09999990e-01,2319,7.00000003e-02,4410629,3356884,7.61100006e+01,,7.92200012e+01,,,"9997",0,0.00000000e+00
"02","994","999",1542,1513,9.81200027e+01,406481,9.95599976e+01,375176,9.19000015e+01,31305,7.67000008e+00,1629,4.00000006e-01,153,2.99999993e-02,501919,408263,8.13399963e+01,,8.28600006e+01,,,"9997",0,0.00000000e+00
"02","995","999",3455,3351,9.69899979e+01,879538,9.92600021e+01,814138,9.18799973e+01,65400,7.38000011e+00,5867,6.60000026e-01,688,7.99999982e-02,1176875,886093,7.52900009e+01,,7.74800034e+01,,,"9997",0,0.00000000e+00
"02","996","999",1864,1801,9.66200027e+01,471319,9.92799988e+01,428539,9.02699966e+01,42780,9.01000023e+00,3013,6.29999995e-01,408,9.00000036e-02,619479,474740,7.66399994e+01,,7.92099991e+01,,,"9997",0,0.00000000e+00
"02","997","999",805,790,9.81399994e+01,208271,9.93700027e+01,187284,8.93600006e+01,20987,1.00100002e+01,1209,5.79999983e-01,113,5.00000007e-02,262194,209593,7.99400024e+01,,8.11100006e+01,,,"9997",0,0.00000000e+00
"02","998","999",1596,1532,9.59899979e+01,420224,9.93600006e+01,395874,9.36100006e+01,24350,5.76000023e+00,2112,5.00000000e-01,583,1.29999995e-01,552687,422919,7.65199966e+01,,7.95599976e+01,,,"9997",0,0.00000000e+00
"02","999","999",35884,34718,9.67500000e+01,9544148,9.93899994e+01,8809009,9.17399979e+01,735139,7.65999985e+00,50965,5.29999971e-01,7333,7.00000003e-02,12431131,9602446,7.72500000e+01,,7.98000031e+01,,,"9997",0,0.00000000e+00
"03","001","999",363,326,8.98099976e+01,81785,9.90899963e+01,75870,9.19199982e+01,5915,7.17000008e+00,642,7.79999971e-01,108,1.29999995e-01,123658,82535,6.67399979e+01,,7.43099976e+01,,,"9997",0,0.00000000e+00
"03","002","999",43,38,8.83700027e+01,9041,9.90800018e+01,8587,9.40999985e+01,454,4.98000002e+00,35,3.79999995e-01,49,5.40000021e-01,12900,9125,7.07399979e+01,,8.05699997e+01,,,"9997",0,0.00000000e+00
"03","003","999",59,27,4.57599983e+01,4721,9.93300018e+01,4508,9.48499985e+01,213,4.48000002e+00,25,5.29999971e-01,7,1.40000001e-01,18380,4753,2.58600006e+01,,5.73499985e+01,,,"9997",0,0.00000000e+00
"03","004","999",12,10,8.33300018e+01,2112,9.91500015e+01,2027,9.51600037e+01,85,3.99000001e+00,15,6.99999988e-01,3,1.50000006e-01,2693,2130,7.90899963e+01,,8.64400024e+01,,,"9997",0,0.00000000e+00
"03","005","999",14,12,8.57099991e+01,2464,9.98399963e+01,2287,9.26699982e+01,177,7.17000008e+00,3,1.19999997e-01,1,3.99999991e-02,3587,2468,6.88000031e+01,,8.32399979e+01,,,"9997",0,0.00000000e+00
"03","006","999",34,30,8.82399979e+01,6910,9.95999985e+01,6283,9.05599976e+01,627,9.03999996e+00,25,3.60000014e-01,3,3.99999991e-02,9895,6938,7.01200027e+01,,7.94899979e+01,,,"9997",0,0.00000000e+00
"03","007","999",14,12,8.57099991e+01,2830,9.96800003e+01,2666,9.39100037e+01,164,5.78000021e+00,7,2.50000000e-01,2,5.99999987e-02,3916,2839,7.25000000e+01,,8.57200012e+01,,,"9997",0,0.00000000e+00
"03","008","999",68,64,9.41200027e+01,15227,9.90800018e+01,14093,9.16999969e+01,1134,7.38000011e+00,120,7.79999971e-01,22,1.40000001e-01,22095,15369,6.95599976e+01,,7.40999985e+01,,,"9997",0,0.00000000e+00
"03","009","999",31,24,7.74199982e+01,5834,9.89499969e+01,5338,9.05400009e+01,496,8.40999985e+00,46,7.79999971e-01,16,2.70000011e-01,9926,5896,5.94000015e+01,,7.65699997e+01,,,"9997",0,0.00000000e+00
"03","010","999",19,18,9.47399979e+01,3769,9.97900009e+01,3496,9.25599976e+01,273,7.23000002e+00,4,1.09999999e-01,4,1.00000001e-01,4768,3777,7.92200012e+01,,8.45899963e+01,,,"9997",0,0.00000000e+00
"03","011","999",29,25,8.62099991e+01,6051,9.95999985e+01,5721,9.41699982e+01,330,5.42999983e+00,18,3.00000012e-01,6,1.00000001e-01,8408,6075,7.22500000e+01,,8.39300003e+01,,,"9997",0,0.00000000e+00
"03","012","999",46,42,9.13000031e+01,10404,9.93099976e+01,9460,9.03000031e+01,944,9.01000023e+00,69,6.60000026e-01,3,2.99999993e-02,14626,10476,7.16299973e+01,,7.89700012e+01,,,"9997",0,0.00000000e+00
"03","013","999",69,65,9.41999969e+01,16400,9.94599991e+01,15412,9.34700012e+01,988,5.98999977e+00,80,4.90000010e-01,9,5.00000007e-02,21474,16489,7.67900009e+01,,8.19499969e+01,,,"9997",0,0.00000000e+00
"03","014","999",4,4,1.00000000e+02,938,9.97900009e+01,911,9.69100037e+01,27,2.86999989e+00,2,2.09999993e-01,0,0.00000000e+00,1199,940,7.84000015e+01,,7.84000015e+01,,,"9997",0,0.00000000e+00
"03","015","999",57,50,8.77200012e+01,11522,9.94800034e+01,10951,9.45500031e+01,571,4.92999983e+00,47,4.09999996e-01,13,1.09999999e-01,17352,11582,6.67500000e+01,,7.59100037e+01,,,"9997",0,0.00000000e+00
"03","016","999",60,58,9.66699982e+01,14838,9.93300018e+01,12905,8.63899994e+01,1933,1.29399996e+01,89,6.00000024e-01,11,7.00000003e-02,19266,14938,7.75400009e+01,,7.93600006e+01,,,"9997",0,0.00000000e+00
"03","999","999",922,805,8.73099976e+01,194846,9.92399979e+01,180515,9.19400024e+01,14331,7.30000019e+00,1227,6.20000005e-01,257,1.40000001e-01,294143,196330,6.67500000e+01,,7.64000015e+01,,,"9997",0,0.00000000e+00
"07","001","999",318,299,9.40299988e+01,78562,9.81800003e+01,71061,8.88099976e+01,7501,9.36999989e+00,1330,1.65999997e+00,124,1.59999996e-01,107398,80016,7.45000000e+01,,7.92300034e+01,,,"9997",0,0.00000000e+00
"07","002","999",185,180,9.73000031e+01,48277,9.82200012e+01,42872,8.72200012e+01,5405,1.10000000e+01,729,1.48000002e+00,147,3.00000012e-01,64112,49153,7.66699982e+01,,7.88000031e+01,,,"9997",0,0.00000000e+00
"07","003","999",5,2,4.00000000e+01,455,9.86999969e+01,453,9.82600021e+01,2,4.30000007e-01,5,1.08000004e+00,1,2.30000004e-01,1508,461,3.05699997e+01,,7.51999969e+01,,,"9997",0,0.00000000e+00
"07","004","999",5,4,8.00000000e+01,680,9.78399963e+01,650,9.35299988e+01,30,4.32000017e+00,13,1.87000000e+00,2,2.80000001e-01,1222,695,5.68699989e+01,,7.33099976e+01,,,"9997",0,0.00000000e+00
"07","005","999",66,64,9.69700012e+01,16264,9.82399979e+01,14835,8.95999985e+01,1429,8.63000011e+00,260,1.57000005e+00,32,2.00000003e-01,21282,16556,7.77900009e+01,,8.04000015e+01,,,"9997",0,0.00000000e+00
"07","006","999",113,110,9.73499985e+01,27127,9.88099976e+01,24613,8.96500015e+01,2514,9.15999985e+00,312,1.13999999e+00,16,5.00000007e-02,37264,27455,7.36800003e+01,,7.57900009e+01,,,"9997",0,0.00000000e+00
"07","007","999",10,10,1.00000000e+02,1898,9.17799988e+01,1839,8.89300003e+01,59,2.84999990e+00,67,3.24000001e+00,103,4.98000002e+00,2508,2068,8.24599991e+01,,8.24599991e+01,,,"9997",0,0.00000000e+00
"07","008","999",16,15,9.37500000e+01,3484,9.78099976e+01,3329,9.34599991e+01,155,4.34999990e+00,29,8.10000002e-01,49,1.38000000e+00,4841,3562,7.35800018e+01,,7.90699997e+01,,,"9997",0,0.00000000e+00
"07","009","999",5,5,1.00000000e+02,1213,9.97500000e+01,1116,9.17799988e+01,97,7.98000002e+00,3,2.50000000e-01,0,0.00000000e+00,1540,1216,7.89599991e+01,,7.89599991e+01,,,"9997",0,0.00000000e+00
"07","010","999",3,3,1.00000000e+02,500,1.00000000e+02,479,9.58000031e+01,21,4.19999981e+00,0,0.00000000e+00,0,0.00000000e+00,605,500,8.26399994e+01,,8.26399994e+01,,,"9997",0,0.00000000e+00
"07","011","999",4,4,1.00000000e+02,1135,9.90400009e+01,1070,9.33700027e+01,65,5.67000008e+00,5,4.39999998e-01,6,5.19999981e-01,1343,1146,8.53300018e+01,,8.53300018e+01,,,"9997",0,0.00000000e+00
"07","012","999",28,28,1.00000000e+02,7414,9.88099976e+01,6861,9.14400024e+01,553,7.36999989e+00,79,1.04999995e+00,10,1.40000001e-01,9078,7503,8.26500015e+01,,8.26500015e+01,,,"9997",0,0.00000000e+00
"07","013","999",18,18,1.00000000e+02,3694,9.90100021e+01,3454,9.25800018e+01,240,6.42999983e+00,20,5.40000021e-01,17,4.49999988e-01,4975,3731,7.49899979e+01,,7.49899979e+01,,,"9997",0,0.00000000e+00
"07","014","999",29,28,9.65500031e+01,6382,9.83700027e+01,5518,8.50500031e+01,864,1.33199997e+01,100,1.53999996e+00,6,9.00000036e-02,9592,6488,6.76399994e+01,,7.02099991e+01,,,"9997",0,0.00000000e+00
"07","015","999",436,415,9.51800003e+01,106016,9.83000031e+01,85693,7.94599991e+01,20323,1.88400002e+01,1652,1.52999997e+00,178,1.70000002e-01,149442,107846,7.21699982e+01,,7.58399963e+01,,,"9997",0,0.00000000e+00
"07","999","999",1241,1185,9.54899979e+01,303101,9.82799988e+01,263843,8.55500031e+01,39258,1.27299995e+01,4604,1.49000001e+00,691,2.30000004e-01,416710,308396,7.40100021e+01,,7.75299988e+01,,,"9997",0,0.00000000e+00
"08","001","999",854,739,8.65299988e+01,207373,9.92300034e+01,187373,8.96600037e+01,20000,9.56999969e+00,1467,6.99999988e-01,133,7.00000003e-02,289348,208973,7.22200012e+01,,8.36299973e+01,,,"9997",0,0.00000000e+00
"08","003","999",169,156,9.23099976e+01,41338,9.93899994e+01,37244,8.95500031e+01,4094,9.84000015e+00,219,5.29999971e-01,34,7.99999982e-02,55545,41591,7.48799973e+01,,8.15599976e+01,,,"9997",0,0.00000000e+00
"08","004","999",122,115,9.42600021e+01,30098,9.94499969e+01,27267,9.00899963e+01,2831,9.35000038e+00,156,5.19999981e-01,11,3.99999991e-02,39369,30265,7.68799973e+01,,8.07699966e+01,,,"9997",0,0.00000000e+00
"08","005","999",92,81,8.80400009e+01,22099,9.94800034e+01,19955,8.98300018e+01,2144,9.64999962e+00,105,4.69999999e-01,11,5.00000007e-02,29755,22215,7.46600037e+01,,8.57500000e+01,,,"9997",0,0.00000000e+00
"08","006","999",103,90,8.73799973e+01,23859,9.96200027e+01,20612,8.60599976e+01,3247,1.35600004e+01,75,3.10000002e-01,16,7.00000003e-02,32387,23950,7.39499969e+01,,8.51900024e+01,,,"9997",0,0.00000000e+00
"08","007","999",131,126,9.61800003e+01,34424,9.94300003e+01,30587,8.83399963e+01,3837,1.10799999e+01,192,5.50000012e-01,7,2.99999993e-02,43791,34623,7.90599976e+01,,8.19199982e+01,,,"9997",0,0.00000000e+00
"08","008","999",74,68,9.18899994e+01,17366,9.95599976e+01,15215,8.72300034e+01,2151,1.23299999e+01,73,4.19999987e-01,4,1.99999996e-02,22692,17443,7.68700027e+01,,8.26500015e+01,,,"9997",0,0.00000000e+00
"08","009","999",254,230,9.05500031e+01,62603,9.93099976e+01,54887,8.70699997e+01,7716,1.22399998e+01,404,6.39999986e-01,34,5.00000007e-02,82741,63041,7.61900024e+01,,8.39899979e+01,,,"9997",0,0.00000000e+00
"08","010","999",277,271,9.78300018e+01,75684,9.93000031e+01,68409,8.97600021e+01,7275,9.55000019e+00,489,6.39999986e-01,43,5.00000007e-02,91996,76216,8.28499985e+01,,8.44800034e+01,,,"9997",0,0.00000000e+00
"08","011","999",35,34,9.71399994e+01,8792,9.95100021e+01,7991,9.04499969e+01,801,9.06999969e+00,41,4.60000008e-01,2,1.99999996e-02,10740,8835,8.22600021e+01,,8.50299988e+01,,,"9997",0,0.00000000e+00
"08","012","999",121,112,9.25599976e+01,29312,9.92099991e+01,27283,9.23499985e+01,2029,6.86999989e+00,221,7.50000000e-01,11,2.99999993e-02,39283,29544,7.52099991e+01,,8.12300034e+01,,,"9997",0,0.00000000e+00
"08","013","999",398,382,9.59800034e+01,106033,9.91800003e+01,94680,8.85599976e+01,11353,1.06199999e+01,828,7.69999981e-01,44,5.00000007e-02,135161,106905,7.90899963e+01,,8.25100021e+01,,,"9997",0,0.00000000e+00
"08","014","999",71,70,9.85899963e+01,18541,9.95500031e+01,16672,8.95199966e+01,1869,1.00400000e+01,63,3.40000004e-01,20,1.00000001e-01,21871,18624,8.51500015e+01,,8.52399979e+01,,,"9997",0,0.00000000e+00
"08","015","999",162,145,8.95100021e+01,39629,9.94100037e+01,33490,8.40100021e+01,6139,1.53999996e+01,221,5.50000012e-01,14,3.99999991e-02,52808,39864,7.54899979e+01,,8.38600006e+01,,,"9997",0,0.00000000e+00
"08","016","999",39,37,9.48700027e+01,9336,9.93899994e+01,8522,9.07300034e+01,814,8.67000008e+00,54,5.69999993e-01,3,2.99999993e-02,12329,9393,7.61900024e+01,,8.07799988e+01,,,"9997",0,0.00000000e+00
"08","017","999",170,161,9.47099991e+01,45461,9.93799973e+01,41874,9.15400009e+01,3587,7.84000015e+00,257,5.60000002e-01,27,5.99999987e-02,55993,45745,8.16999969e+01,,8.60000000e+01,,,"9997",0,0.00000000e+00
"08","018","999",47,43,9.14899979e+01,11814,9.93499985e+01,10387,8.73499985e+01,1427,1.20000000e+01,69,5.79999983e-01,8,7.00000003e-02,15216,11891,7.81500015e+01,,8.60699997e+01,,,"9997",0,0.00000000e+00
"08","999","999",3119,2860,9.16999969e+01,783762,9.93199997e+01,702448,8.90199966e+01,81314,1.03000002e+01,4934,6.29999995e-01,422,5.00000007e-02,1031025,789118,7.65400009e+01,,8.34700012e+01,,,"9997",0,0.00000000e+00
"10","001","999",602,577,9.58499985e+01,154815,9.88099976e+01,144699,9.23499985e+01,10116,6.46000004e+00,1618,1.02999997e+00,248,1.59999996e-01,199641,156681,7.84800034e+01,,8.18499985e+01,,,"9997",1180,8.19999993e-01
"10","002","999",121,117,9.66900024e+01,33376,9.90999985e+01,30658,9.10299988e+01,2718,8.06999969e+00,286,8.50000024e-01,17,5.00000007e-02,40337,33679,8.34899979e+01,,8.63899994e+01,,,"9997",163,5.29999971e-01
"10","003","999",14,14,1.00000000e+02,3132,9.87699966e+01,3004,9.47300034e+01,128,4.03999996e+00,14,4.39999998e-01,25,7.90000021e-01,3761,3171,8.43099976e+01,,8.43099976e+01,,,"9997",7,2.30000004e-01
"10","004","999",202,183,9.05899963e+01,49691,9.90899963e+01,45638,9.10100021e+01,4053,8.07999992e+00,402,8.00000012e-01,52,1.09999999e-01,66973,50145,7.48700027e+01,,8.25199966e+01,,,"9997",162,3.49999994e-01
"10","005","999",175,169,9.65699997e+01,44366,9.91800003e+01,41479,9.27300034e+01,2887,6.44999981e+00,316,7.09999979e-01,49,1.09999999e-01,58029,44731,7.70800018e+01,,7.98499985e+01,,,"9997",102,2.50000000e-01
"10","006","999",44,34,7.72699966e+01,8700,9.90800018e+01,8327,9.48300018e+01,373,4.25000000e+00,45,5.09999990e-01,36,4.09999996e-01,13958,8781,6.29099998e+01,,8.17600021e+01,,,"9997",8,1.00000001e-01
"10","007","999",187,159,8.50299988e+01,41335,9.91999969e+01,38282,9.18700027e+01,3053,7.32999992e+00,291,6.99999988e-01,43,1.00000001e-01,61312,41669,6.79599991e+01,,8.01500015e+01,,,"9997",130,3.40000004e-01
"10","008","999",12,2,1.66700001e+01,350,9.83099976e+01,350,9.83099976e+01,0,0.00000000e+00,5,1.39999998e+00,1,2.89999992e-01,2613,356,1.36199999e+01,,8.59899979e+01,,,"9997",0,0.00000000e+00
"10","009","999",18,16,8.88899994e+01,3447,9.93700027e+01,3216,9.27099991e+01,231,6.65999985e+00,14,4.00000006e-01,8,2.30000004e-01,4603,3469,7.53600006e+01,,8.55500031e+01,,,"9997",7,2.19999999e-01
"10","010","999",34,29,8.52900009e+01,7536,9.90899963e+01,6942,9.12799988e+01,594,7.80999994e+00,47,6.20000005e-01,22,2.89999992e-01,9746,7605,7.80299988e+01,,8.35500031e+01,,,"9997",48,6.89999998e-01
"10","011","999",50,49,9.80000000e+01,10802,9.91500015e+01,9792,8.98799973e+01,1010,9.27000046e+00,87,8.00000012e-01,6,5.00000007e-02,14130,10895,7.71100006e+01,,7.89400024e+01,,,"9997",52,5.29999971e-01
"10","012","999",36,32,8.88899994e+01,7117,9.92200012e+01,6634,9.24899979e+01,483,6.73000002e+00,52,7.20000029e-01,4,5.99999987e-02,9997,7173,7.17500000e+01,,7.97799988e+01,,,"9997",14,2.09999993e-01
"10","013","999",8,6,7.50000000e+01,742,9.78899994e+01,709,9.35400009e+01,33,4.34999990e+00,14,1.85000002e+00,2,2.59999990e-01,1578,758,4.80400009e+01,,6.39700012e+01,,,"9997",0,0.00000000e+00
"10","014","999",16,16,1.00000000e+02,2033,9.93600006e+01,1918,9.37399979e+01,115,5.61999989e+00,6,2.89999992e-01,7,3.49999994e-01,2853,2046,7.17099991e+01,,7.17099991e+01,,,"9997",4,2.09999993e-01
"10","015","999",52,51,9.80800018e+01,11895,9.79100037e+01,10354,8.52300034e+01,1541,1.26800003e+01,233,1.91999996e+00,21,1.70000002e-01,16178,12149,7.50999985e+01,,7.63099976e+01,,,"9997",43,4.19999987e-01
"10","016","999",12,9,7.50000000e+01,1798,9.90599976e+01,1675,9.22900009e+01,123,6.78000021e+00,9,5.00000000e-01,8,4.30000007e-01,2874,1815,6.31500015e+01,,8.29100037e+01,,,"0072",2,1.19999997e-01
"10","999","999",1583,1463,9.24199982e+01,381135,9.89599991e+01,353677,9.18300018e+01,27458,7.13000011e+00,3439,8.89999986e-01,549,1.50000006e-01,508583,385123,7.57200012e+01,,8.15599976e+01,,,"9997",2307,6.49999976e-01
"14","001","999",758,736,9.70999985e+01,201185,9.89400024e+01,177817,8.74400024e+01,23368,1.14899998e+01,2058,1.00999999e+00,107,5.99999987e-02,263066,203350,7.73000031e+01,,7.95999985e+01,,,"9997",5987,3.36999989e+00
"14","002","999",95,93,9.78899994e+01,25781,9.94400024e+01,22903,8.83399963e+01,2878,1.11000004e+01,145,5.60000002e-01,1,0.00000000e+00,32511,25927,7.97500000e+01,,8.14899979e+01,,,"9997",281,1.23000002e+00
"14","003","999",65,61,9.38499985e+01,16370,9.94199982e+01,14907,9.05400009e+01,1463,8.89000034e+00,87,5.29999971e-01,8,3.99999991e-02,21527,16465,7.64899979e+01,,8.18499985e+01,,,"9997",189,1.26999998e+00
"14","004","999",110,109,9.90899963e+01,30976,9.92799988e+01,27843,8.92399979e+01,3133,1.00400000e+01,224,7.20000029e-01,1,0.00000000e+00,37108,31201,8.40800018e+01,,8.48600006e+01,,,"9997",390,1.39999998e+00
"14","005","999",22,22,1.00000000e+02,5747,9.92200012e+01,5412,9.34400024e+01,335,5.78000021e+00,45,7.79999971e-01,0,0.00000000e+00,7176,5792,8.07099991e+01,,8.07099991e+01,,,"9997",49,9.10000026e-01
"14","006","999",48,44,9.16699982e+01,11991,9.93799973e+01,11298,9.36399994e+01,693,5.73999977e+00,73,6.10000014e-01,2,9.99999978e-03,16001,12066,7.54100037e+01,,8.26699982e+01,,,"9997",162,1.42999995e+00
"14","007","999",131,127,9.69499969e+01,35143,9.95800018e+01,32818,9.30000000e+01,2325,6.59000015e+00,141,4.00000006e-01,6,9.99999978e-03,44302,35290,7.96600037e+01,,8.22600021e+01,,,"9997",287,8.70000005e-01
"14","008","999",235,226,9.61699982e+01,63518,9.93199997e+01,57841,9.04400024e+01,5677,8.88000011e+00,397,6.20000005e-01,40,5.99999987e-02,81373,63955,7.85899963e+01,,8.16800003e+01,,,"9997",1006,1.74000001e+00
"14","009","999",103,101,9.80599976e+01,28116,9.91100006e+01,25883,9.12399979e+01,2233,7.86999989e+00,235,8.29999983e-01,17,5.99999987e-02,34744,28368,8.16500015e+01,,8.33300018e+01,,,"9997",381,1.47000003e+00
"14","010","999",120,119,9.91699982e+01,33267,9.95299988e+01,30179,9.02900009e+01,3088,9.23999977e+00,148,4.39999998e-01,8,2.99999993e-02,40661,33423,8.21999969e+01,,8.29199982e+01,,,"9997",302,1.00000000e+00
"14","011","999",63,60,9.52399979e+01,16314,9.96699982e+01,15493,9.46500015e+01,821,5.01999998e+00,45,2.70000011e-01,9,5.99999987e-02,21019,16368,7.78700027e+01,,8.13199997e+01,,,"9997",153,9.90000010e-01
"14","012","999",79,73,9.24100037e+01,19468,9.93099976e+01,17844,9.10199966e+01,1624,8.27999973e+00,118,6.00000024e-01,18,1.00000001e-01,26991,19604,7.26299973e+01,,7.84100037e+01,,,"9997",277,1.54999995e+00
"14","013","999",144,141,9.79199982e+01,38216,9.92900009e+01,34893,9.06500015e+01,3323,8.63000011e+00,248,6.39999986e-01,26,7.99999982e-02,48953,38490,7.86299973e+01,,8.03499985e+01,,,"9997",300,8.60000014e-01
"14","014","999",175,168,9.60000000e+01,46906,9.89899979e+01,42749,9.02200012e+01,4157,8.77000046e+00,398,8.39999974e-01,80,1.70000002e-01,60175,47384,7.87399979e+01,,8.18600006e+01,,,"9997",897,2.09999990e+00
"14","015","999",54,51,9.44400024e+01,14021,9.98000031e+01,13096,9.32200012e+01,925,6.57999992e+00,26,1.89999998e-01,2,9.99999978e-03,18314,14049,7.67099991e+01,,8.10100021e+01,,,"9997",103,7.90000021e-01
"14","016","999",185,179,9.67600021e+01,49586,9.90400009e+01,44436,8.87500000e+01,5150,1.02900000e+01,474,9.49999988e-01,9,9.99999978e-03,64183,50069,7.80100021e+01,,8.05800018e+01,,,"9997",990,2.23000002e+00
"14","017","999",93,92,9.89199982e+01,25351,9.93499985e+01,23620,9.25699997e+01,1731,6.78000021e+00,134,5.29999971e-01,31,1.19999997e-01,31684,25516,8.05299988e+01,,8.14400024e+01,,,"9997",208,8.79999995e-01
"14","999","999",2480,2402,9.68499985e+01,661956,9.91999969e+01,599032,8.97699966e+01,62924,9.43000031e+00,4996,7.50000000e-01,365,5.00000007e-02,849788,667317,7.85299988e+01,,8.10599976e+01,,,"9997",12235,2.03999996e+00
"18","001","999",284,275,9.68300018e+01,72186,9.90599976e+01,68157,9.35299988e+01,4029,5.53000021e+00,602,8.29999983e-01,82,1.09999999e-01,93417,72870,7.80100021e+01,,8.05500031e+01,,,"0068",417,6.10000014e-01
"18","002","999",118,115,9.74599991e+01,32509,9.90699997e+01,30312,9.23700027e+01,2197,6.69999981e+00,247,7.50000000e-01,59,1.80000007e-01,40105,32815,8.18199997e+01,,8.38700027e+01,,,"0068",105,3.49999994e-01
"18","003","999",180,172,9.55599976e+01,48074,9.88700027e+01,45155,9.28600006e+01,2919,6.00000000e+00,464,9.49999988e-01,87,1.89999998e-01,61905,48625,7.85500031e+01,,8.21999969e+01,,,"0068",214,4.69999999e-01
"18","004","999",195,189,9.69199982e+01,53850,9.90500031e+01,50438,9.27699966e+01,3412,6.28000021e+00,418,7.69999981e-01,99,1.80000007e-01,67231,54367,8.08700027e+01,,8.34199982e+01,,,"0068",257,5.09999990e-01
"18","005","999",12,12,1.00000000e+02,3450,9.91699982e+01,3322,9.54899979e+01,128,3.68000007e+00,25,7.20000029e-01,4,1.09999999e-01,3983,3479,8.73499985e+01,,8.73499985e+01,,,"0526",6,1.80000007e-01
"18","006","999",263,255,9.69599991e+01,71074,9.90299988e+01,67160,9.35800018e+01,3914,5.44999981e+00,595,8.29999983e-01,102,1.40000001e-01,90901,71771,7.89599991e+01,,8.14400024e+01,,,"0068",332,4.90000010e-01
"18","007","999",25,25,1.00000000e+02,7203,9.92300034e+01,6823,9.39899979e+01,380,5.23000002e+00,44,6.10000014e-01,12,1.70000002e-01,8267,7259,8.78099976e+01,,8.78099976e+01,,,"0526",19,2.80000001e-01
"18","008","999",26,26,1.00000000e+02,7409,9.92799988e+01,6873,9.20899963e+01,536,7.17999983e+00,49,6.60000026e-01,5,7.00000003e-02,8615,7463,8.66299973e+01,,8.66299973e+01,,,"0068",17,2.50000000e-01
"18","009","999",24,23,9.58300018e+01,5711,9.95299988e+01,5378,9.37300034e+01,333,5.80000019e+00,19,3.30000013e-01,8,1.40000001e-01,7133,5738,8.04400024e+01,,8.41500015e+01,,,"0068",27,5.00000000e-01
"18","010","999",58,54,9.30999985e+01,14807,9.95000000e+01,13884,9.33000031e+01,923,6.19999981e+00,61,4.09999996e-01,13,9.00000036e-02,18945,14881,7.85500031e+01,,8.45500031e+01,,,"0068",78,5.60000002e-01
"18","011","999",12,12,1.00000000e+02,3384,9.93000031e+01,3255,9.55100021e+01,129,3.78999996e+00,21,6.20000005e-01,3,7.99999982e-02,3872,3408,8.80199966e+01,,8.80199966e+01,,,"0068",8,2.50000000e-01
"18","012","999",109,107,9.81699982e+01,29668,9.89400024e+01,28019,9.34400024e+01,1649,5.50000000e+00,273,9.10000026e-01,44,1.50000006e-01,36983,29985,8.10800018e+01,,8.25999985e+01,,,"0068",132,4.69999999e-01
"18","013","999",53,49,9.24499969e+01,12377,9.90500031e+01,11567,9.25699997e+01,810,6.48000002e+00,105,8.39999974e-01,14,1.09999999e-01,16567,12496,7.54300003e+01,,8.20699997e+01,,,"0068",43,3.70000005e-01
"18","014","999",37,35,9.45899963e+01,9541,9.93899994e+01,9215,9.59899979e+01,326,3.40000010e+00,41,4.30000007e-01,18,1.80000007e-01,12551,9600,7.64899979e+01,,8.09100037e+01,,,"0068",25,2.70000011e-01
"18","015","999",86,84,9.76699982e+01,22485,9.92600021e+01,20443,9.02399979e+01,2042,9.01000023e+00,119,5.29999971e-01,49,2.19999999e-01,28263,22653,8.01500015e+01,,8.20999985e+01,,,"0068",67,3.30000013e-01
"18","016","999",20,20,1.00000000e+02,5103,9.96299973e+01,5000,9.76200027e+01,103,2.00999999e+00,15,2.89999992e-01,4,7.99999982e-02,5935,5122,8.63000031e+01,,8.63000031e+01,,,"0068",6,1.19999997e-01
"18","017","999",60,56,9.33300018e+01,13818,9.86299973e+01,12524,8.93899994e+01,1294,9.23999977e+00,186,1.33000004e+00,6,3.99999991e-02,18059,14010,7.75800018e+01,,8.25100021e+01,,,"0068",90,7.20000029e-01
"18","018","999",21,21,1.00000000e+02,5278,9.86200027e+01,4879,9.11600037e+01,399,7.46000004e+00,70,1.30999994e+00,4,7.00000003e-02,6516,5352,8.21399994e+01,,8.21399994e+01,,,"0068",30,6.10000014e-01
"18","019","999",23,23,1.00000000e+02,5900,9.89800034e+01,5499,9.22500000e+01,401,6.73000002e+00,56,9.39999998e-01,5,7.99999982e-02,7356,5961,8.10400009e+01,,8.10400009e+01,,,"0068",16,2.89999992e-01
"18","999","999",1606,1553,9.66999969e+01,423827,9.90599976e+01,397903,9.30000000e+01,25924,6.05999994e+00,3410,8.00000012e-01,618,1.40000001e-01,536604,427855,7.97300034e+01,,8.24400024e+01,,,"0068",1905,4.79999989e-01
"19","001","999",502,489,9.74100037e+01,129800,9.85999985e+01,109368,8.30800018e+01,20432,1.55200005e+01,1680,1.27999997e+00,160,1.19999997e-01,167394,131640,7.86399994e+01,,8.07699966e+01,,,"9997",0,0.00000000e+00
"19","002","999",45,45,1.00000000e+02,9557,9.92600021e+01,7955,8.26200027e+01,1602,1.66399994e+01,57,5.89999974e-01,14,1.50000006e-01,11554,9628,8.33300018e+01,,8.33300018e+01,,,"9997",0,0.00000000e+00
"19","003","999",310,302,9.74199982e+01,77320,9.90299988e+01,60631,7.76500015e+01,16689,2.13700008e+01,683,8.70000005e-01,75,1.09999999e-01,100915,78078,7.73700027e+01,,7.92200012e+01,,,"9997",0,0.00000000e+00
"19","004","999",57,56,9.82500000e+01,15158,9.93099976e+01,12702,8.32200012e+01,2456,1.60900002e+01,99,6.49999976e-01,7,3.99999991e-02,18108,15264,8.42900009e+01,,8.55100021e+01,,,"9997",0,0.00000000e+00
"19","005","999",18,18,1.00000000e+02,3577,9.97500000e+01,3191,8.89800034e+01,386,1.07600002e+01,7,2.00000003e-01,2,5.99999987e-02,4187,3586,8.56500015e+01,,8.56500015e+01,,,"9997",0,0.00000000e+00
"19","006","999",84,83,9.88099976e+01,20478,9.91200027e+01,17063,8.25899963e+01,3415,1.65300007e+01,155,7.50000000e-01,26,1.29999995e-01,25578,20659,8.07699966e+01,,8.17799988e+01,,,"9997",0,0.00000000e+00
"19","007","999",57,56,9.82500000e+01,12509,9.93600006e+01,11326,8.99599991e+01,1183,9.39999962e+00,80,6.39999986e-01,1,0.00000000e+00,16308,12590,7.71999969e+01,,7.87600021e+01,,,"9997",0,0.00000000e+00
"19","008","999",19,18,9.47399979e+01,2747,9.89199982e+01,2546,9.16800003e+01,201,7.23999977e+00,3,1.09999999e-01,27,9.70000029e-01,3497,2777,7.94100037e+01,,8.11299973e+01,,,"9997",0,0.00000000e+00
"19","009","999",37,36,9.73000031e+01,7531,9.92900009e+01,6370,8.39800034e+01,1161,1.53100004e+01,40,5.29999971e-01,14,1.80000007e-01,9589,7585,7.90999985e+01,,8.20500031e+01,,,"9997",0,0.00000000e+00
"19","999","999",1129,1103,9.76999969e+01,278677,9.88899994e+01,231152,8.20199966e+01,47525,1.68600006e+01,2804,1.00000000e+00,326,1.19999997e-01,357130,281807,7.89100037e+01,,8.07399979e+01,,,"9997",0,0.00000000e+00
"20","001","999",303,290,9.57099991e+01,64318,9.84800034e+01,60061,9.19599991e+01,4257,6.51999998e+00,879,1.35000002e+00,116,1.70000002e-01,89137,65313,7.32699966e+01,,7.66399994e+01,,,"9997",0,0.00000000e+00
"20","002","999",30,29,9.66699982e+01,6137,9.89800034e+01,5791,9.34000015e+01,346,5.57999992e+00,57,9.20000017e-01,6,1.00000001e-01,8614,6200,7.19800034e+01,,7.44400024e+01,,,"9997",0,0.00000000e+00
"20","003","999",30,30,1.00000000e+02,6309,9.91999969e+01,5931,9.32500000e+01,378,5.94000006e+00,50,7.90000021e-01,1,1.99999996e-02,8614,6360,7.38300018e+01,,7.38300018e+01,,,"9997",0,0.00000000e+00
"20","004","999",17,15,8.82399979e+01,2671,9.95199966e+01,2510,9.35199966e+01,161,6.00000000e+00,10,3.70000005e-01,3,1.09999999e-01,3973,2684,6.75599976e+01,,7.36600037e+01,,,"9997",0,0.00000000e+00
"20","005","999",38,38,1.00000000e+02,7812,9.93300018e+01,7311,9.29599991e+01,501,6.36999989e+00,49,6.20000005e-01,4,5.00000007e-02,10461,7865,7.51800003e+01,,7.51800003e+01,,,"9997",0,0.00000000e+00
"20","006","999",58,58,1.00000000e+02,12649,9.88399963e+01,11780,9.20500031e+01,869,6.78999996e+00,138,1.08000004e+00,11,7.99999982e-02,17267,12798,7.41200027e+01,,7.41200027e+01,,,"9997",0,0.00000000e+00
"20","007","999",334,323,9.67099991e+01,74025,9.88600006e+01,70305,9.38899994e+01,3720,4.96999979e+00,797,1.05999994e+00,60,7.99999982e-02,99453,74882,7.52900009e+01,,7.76999969e+01,,,"9997",0,0.00000000e+00
"20","999","999",810,783,9.66699982e+01,173921,9.87600021e+01,163689,9.29499969e+01,10232,5.80999994e+00,1980,1.12000000e+00,201,1.19999997e-01,237519,176102,7.41399994e+01,,7.65999985e+01,,,"9997",0,0.00000000e+00
"88","003","999",1237,1196,9.66900024e+01,331446,9.91600037e+01,303298,9.07399979e+01,28148,8.42000008e+00,2581,7.69999981e-01,228,7.00000003e-02,434038,334255,7.70100021e+01,,7.96600037e+01,,,"9997",0,0.00000000e+00
"88","004","999",848,827,9.75199966e+01,225925,9.95000000e+01,213479,9.40199966e+01,12446,5.48000002e+00,999,4.39999998e-01,136,5.99999987e-02,297007,227060,7.64499969e+01,,7.83899994e+01,,,"9997",0,0.00000000e+00
"88","011","999",731,706,9.65800018e+01,200945,9.95800018e+01,180974,8.96800003e+01,19971,9.89999962e+00,792,3.89999986e-01,65,2.99999993e-02,254503,201802,7.92900009e+01,,8.21100006e+01,,,"9997",0,0.00000000e+00
"88","036","999",643,629,9.78199997e+01,173456,9.92099991e+01,159323,9.11299973e+01,14133,8.07999992e+00,1241,7.09999979e-01,132,7.99999982e-02,226143,174829,7.73099976e+01,,7.90199966e+01,,,"9997",0,0.00000000e+00
"88","038","999",870,810,9.30999985e+01,224566,9.93600006e+01,198684,8.79100037e+01,25882,1.14499998e+01,1241,5.50000012e-01,211,9.00000036e-02,304902,226018,7.41299973e+01,,7.95299988e+01,,,"9997",0,0.00000000e+00
"88","052","999",978,938,9.59100037e+01,254249,9.93300018e+01,238330,9.31100006e+01,15919,6.21999979e+00,1548,6.00000024e-01,158,7.00000003e-02,344370,255955,7.43300018e+01,,7.74700012e+01,,,"9997",0,0.00000000e+00
"88","053","999",642,629,9.79800034e+01,178060,9.93899994e+01,163409,9.12200012e+01,14651,8.18000031e+00,902,5.00000000e-01,185,1.00000001e-01,224902,179147,7.96600037e+01,,8.13399963e+01,,,"9997",0,0.00000000e+00
"88","061","999",2931,2796,9.53899994e+01,772030,9.94899979e+01,710723,9.15899963e+01,61307,7.90000010e+00,3491,4.49999988e-01,497,5.99999987e-02,1039718,776018,7.46399994e+01,,7.81800003e+01,,,"9997",0,0.00000000e+00
"88","062","999",1125,1078,9.58199997e+01,294200,9.95500031e+01,279050,9.44199982e+01,15150,5.13000011e+00,1186,4.00000006e-01,142,5.00000007e-02,394698,295528,7.48700027e+01,,7.80999985e+01,,,"9997",0,0.00000000e+00
"88","070","999",1449,1404,9.68899994e+01,387529,9.93899994e+01,359007,9.20699997e+01,28522,7.30999994e+00,2089,5.40000021e-01,301,7.99999982e-02,513469,389919,7.59400024e+01,,7.83499985e+01,,,"9997",0,0.00000000e+00
"88","077","999",1126,1062,9.43199997e+01,298471,9.93099976e+01,272309,9.06100006e+01,26162,8.71000004e+00,1836,6.10000014e-01,228,7.00000003e-02,396335,300535,7.58300018e+01,,8.03700027e+01,,,"9997",0,0.00000000e+00
"88","079","999",947,904,9.54599991e+01,256290,9.93099976e+01,230952,8.94899979e+01,25338,9.81999969e+00,1508,5.79999983e-01,277,1.09999999e-01,333566,258075,7.73700027e+01,,8.09800034e+01,,,"9997",0,0.00000000e+00
"88","080","999",789,777,9.84800034e+01,214580,9.93399963e+01,204873,9.48499985e+01,9707,4.48999977e+00,1272,5.89999974e-01,148,7.00000003e-02,277259,216000,7.79100037e+01,,7.90999985e+01,,,"9997",0,0.00000000e+00
"88","092","999",1332,1266,9.50500031e+01,348257,9.95100021e+01,322279,9.20899963e+01,25978,7.42000008e+00,1472,4.19999987e-01,231,7.00000003e-02,468412,349960,7.47099991e+01,,7.85999985e+01,,,"9997",0,0.00000000e+00
"88","105","999",382,369,9.65999985e+01,100936,9.95999985e+01,93327,9.20899963e+01,7609,7.51000023e+00,333,3.30000013e-01,71,7.00000003e-02,132188,101340,7.66600037e+01,,7.93899994e+01,,,"9997",0,0.00000000e+00
"88","106","999",799,790,9.88700027e+01,216676,9.93799973e+01,207555,9.51900024e+01,9121,4.17999983e+00,1116,5.09999990e-01,243,1.19999997e-01,281226,218035,7.75299988e+01,,7.84100037e+01,,,"9997",0,0.00000000e+00
"88","113","999",836,823,9.84400024e+01,235790,9.92900009e+01,219825,9.25599976e+01,15965,6.71999979e+00,1369,5.79999983e-01,324,1.40000001e-01,293482,237483,8.09199982e+01,,8.21900024e+01,,,"9997",0,0.00000000e+00
"88","118","999",834,821,9.84400024e+01,224344,9.94000015e+01,213301,9.45100021e+01,11043,4.88999987e+00,1194,5.29999971e-01,152,7.00000003e-02,293823,225690,7.68099976e+01,,7.80199966e+01,,,"9997",0,0.00000000e+00
"88","122","999",697,690,9.90000000e+01,186664,9.94499969e+01,181473,9.66900024e+01,5191,2.76999998e+00,895,4.79999989e-01,132,5.99999987e-02,244426,187691,7.67900009e+01,,7.75599976e+01,,,"9997",0,0.00000000e+00
"88","129","999",593,578,9.74700012e+01,162830,9.92699966e+01,146443,8.92799988e+01,16387,9.98999977e+00,1094,6.70000017e-01,105,5.99999987e-02,209186,164029,7.84100037e+01,,8.04300003e+01,,,"9997",0,0.00000000e+00
"88","130","999",721,696,9.65299988e+01,203562,9.95699997e+01,187097,9.15100021e+01,16465,8.05000019e+00,743,3.60000014e-01,140,7.99999982e-02,252447,204445,8.09899979e+01,,8.38899994e+01,,,"9997",0,0.00000000e+00
"88","132","999",345,332,9.62300034e+01,95711,9.93899994e+01,86028,8.93399963e+01,9683,1.00600004e+01,529,5.50000012e-01,54,5.00000007e-02,122014,96294,7.89199982e+01,,8.19800034e+01,,,"9997",0,0.00000000e+00
"88","133","999",406,397,9.77799988e+01,112846,9.95899963e+01,106693,9.41600037e+01,6153,5.42999983e+00,385,3.40000004e-01,75,7.00000003e-02,142028,113306,7.97799988e+01,,8.15899963e+01,,,"9997",0,0.00000000e+00
"88","134","999",428,415,9.69599991e+01,117868,9.93399963e+01,110686,9.32799988e+01,7182,6.05000019e+00,702,5.89999974e-01,84,7.99999982e-02,150639,118654,7.87699966e+01,,8.11900024e+01,,,"9997",0,0.00000000e+00
"88","999","999",21689,20933,9.65100021e+01,5817231,9.94000015e+01,5389118,9.20899963e+01,428113,7.32000017e+00,30518,5.19999981e-01,4319,7.00000003e-02,7630781,5852068,7.66900024e+01,,7.94400024e+01,,,"9997",0,0.00000000e+00
