sub_votproCodigoProvincia,vot_depCodigoDepartamento,vot_munCodigoMunicipio,vot_codFormula,vot_parCodigo,votVotosPartido,votPorcenVotos
"02","001","999","0131","0131",2606,2.75000000e+01
"02","001","999","0132","0132",196,2.06999993e+00
"02","001","999","0137","0137",95,1.00000000e+00
"02","001","999","0138","0138",1015,1.07100000e+01
"02","001","999","0145","0145",5565,5.87200012e+01
"02","002","999","0131","0131",2662,3.76199989e+01
"02","002","999","0132","0132",78,1.10000002e+00
"02","002","999","0137","0137",81,1.13999999e+00
"02","002","999","0138","0138",819,1.15699997e+01
"02","002","999","0145","0145",3436,4.85600014e+01
"02","003","999","0131","0131",122387,4.03499985e+01
"02","003","999","0132","0132",7755,2.55999994e+00
"02","003","999","0137","0137",14461,4.76999998e+00
"02","003","999","0138","0138",60214,1.98500004e+01
"02","003","999","0145","0145",98481,3.24700012e+01
"02","004","999","0131","0131",78451,3.67500000e+01
"02","004","999","0132","0132",5719,2.68000007e+00
"02","004","999","0137","0137",9314,4.36000013e+00
"02","004","999","0138","0138",35671,1.67099991e+01
"02","004","999","0145","0145",84324,3.95000000e+01
"02","005","999","0131","0131",3638,3.25900002e+01
"02","005","999","0132","0132",180,1.61000001e+00
"02","005","999","0137","0137",273,2.45000005e+00
"02","005","999","0138","0138",1073,9.60999966e+00
"02","005","999","0145","0145",5998,5.37400017e+01
"02","006","999","0131","0131",11325,3.00400009e+01
"02","006","999","0132","0132",2374,6.30000019e+00
"02","006","999","0137","0137",838,2.22000003e+00
"02","006","999","0138","0138",5357,1.42100000e+01
"02","006","999","0145","0145",17805,4.72299995e+01
"02","007","999","0131","0131",37529,2.25699997e+01
"02","007","999","0132","0132",9135,5.48999977e+00
"02","007","999","0137","0137",8166,4.90999985e+00
"02","007","999","0138","0138",25006,1.50400000e+01
"02","007","999","0145","0145",86424,5.19799995e+01
"02","008","999","0131","0131",6531,2.47199993e+01
"02","008","999","0132","0132",300,1.13999999e+00
"02","008","999","0137","0137",464,1.75999999e+00
"02","008","999","0138","0138",4273,1.61700001e+01
"02","008","999","0145","0145",14851,5.62099991e+01
"02","009","999","0131","0131",7219,3.64300003e+01
"02","009","999","0132","0132",200,1.00999999e+00
"02","009","999","0137","0137",559,2.81999993e+00
"02","009","999","0138","0138",3582,1.80799999e+01
"02","009","999","0145","0145",8255,4.16599998e+01
"02","010","999","0131","0131",6297,3.35999985e+01
"02","010","999","0132","0132",470,2.50999999e+00
"02","010","999","0137","0137",243,1.29999995e+00
"02","010","999","0138","0138",2957,1.57799997e+01
"02","010","999","0145","0145",8772,4.68100014e+01
"02","011","999","0131","0131",72345,3.99799995e+01
"02","011","999","0132","0132",4189,2.30999994e+00
"02","011","999","0137","0137",8595,4.75000000e+00
"02","011","999","0138","0138",37117,2.05100002e+01
"02","011","999","0145","0145",58728,3.24500008e+01
"02","012","999","0131","0131",18335,3.28699989e+01
"02","012","999","0132","0132",1423,2.54999995e+00
"02","012","999","0137","0137",2788,5.00000000e+00
"02","012","999","0138","0138",11562,2.07299995e+01
"02","012","999","0145","0145",21679,3.88600006e+01
"02","013","999","0131","0131",7739,3.49799995e+01
"02","013","999","0132","0132",324,1.46000004e+00
"02","013","999","0137","0137",350,1.58000004e+00
"02","013","999","0138","0138",2984,1.34899998e+01
"02","013","999","0145","0145",10724,4.84799995e+01
"02","014","999","0131","0131",9668,3.60400009e+01
"02","014","999","0132","0132",310,1.15999997e+00
"02","014","999","0137","0137",396,1.48000002e+00
"02","014","999","0138","0138",2673,9.97000027e+00
"02","014","999","0145","0145",13776,5.13600006e+01
"02","015","999","0131","0131",5535,3.56199989e+01
"02","015","999","0132","0132",167,1.07000005e+00
"02","015","999","0137","0137",473,3.03999996e+00
"02","015","999","0138","0138",1822,1.17299995e+01
"02","015","999","0145","0145",7542,4.85400009e+01
"02","016","999","0131","0131",17254,3.17299995e+01
"02","016","999","0132","0132",934,1.72000003e+00
"02","016","999","0137","0137",1870,3.44000006e+00
"02","016","999","0138","0138",9267,1.70400009e+01
"02","016","999","0145","0145",25058,4.60800018e+01
"02","017","999","0131","0131",12162,3.97900009e+01
"02","017","999","0132","0132",443,1.45000005e+00
"02","017","999","0137","0137",1065,3.48000002e+00
"02","017","999","0138","0138",6069,1.98500004e+01
"02","017","999","0145","0145",10829,3.54300003e+01
"02","018","999","0131","0131",2503,2.95100002e+01
"02","018","999","0132","0132",510,6.01000023e+00
"02","018","999","0137","0137",103,1.21000004e+00
"02","018","999","0138","0138",1560,1.83899994e+01
"02","018","999","0145","0145",3805,4.48600006e+01
"02","019","999","0131","0131",4742,3.44900017e+01
"02","019","999","0132","0132",192,1.39999998e+00
"02","019","999","0137","0137",302,2.20000005e+00
"02","019","999","0138","0138",1578,1.14799995e+01
"02","019","999","0145","0145",6936,5.04399986e+01
"02","020","999","0131","0131",3172,3.87000008e+01
"02","020","999","0132","0132",42,5.09999990e-01
"02","020","999","0137","0137",108,1.32000005e+00
"02","020","999","0138","0138",621,7.57999992e+00
"02","020","999","0145","0145",4253,5.18899994e+01
"02","021","999","0131","0131",3638,3.97500000e+01
"02","021","999","0132","0132",60,6.60000026e-01
"02","021","999","0137","0137",88,9.59999979e-01
"02","021","999","0138","0138",1108,1.21099997e+01
"02","021","999","0145","0145",4259,4.65299988e+01
"02","022","999","0131","0131",6316,3.63199997e+01
"02","022","999","0132","0132",279,1.60000002e+00
"02","022","999","0137","0137",292,1.67999995e+00
"02","022","999","0138","0138",2844,1.63500004e+01
"02","022","999","0145","0145",7660,4.40499992e+01
"02","023","999","0131","0131",2255,4.17400017e+01
"02","023","999","0132","0132",48,8.89999986e-01
"02","023","999","0137","0137",49,9.10000026e-01
"02","023","999","0138","0138",485,8.97999954e+00
"02","023","999","0145","0145",2565,4.74799995e+01
"02","024","999","0131","0131",5641,3.89700012e+01
"02","024","999","0132","0132",550,3.79999995e+00
"02","024","999","0137","0137",387,2.67000008e+00
"02","024","999","0138","0138",1889,1.30500002e+01
"02","024","999","0145","0145",6009,4.15099983e+01
"02","025","999","0131","0131",2854,2.92500000e+01
"02","025","999","0132","0132",230,2.35999990e+00
"02","025","999","0137","0137",132,1.35000002e+00
"02","025","999","0138","0138",939,9.61999989e+00
"02","025","999","0145","0145",5603,5.74199982e+01
"02","026","999","0131","0131",4178,3.15100002e+01
"02","026","999","0132","0132",337,2.53999996e+00
"02","026","999","0137","0137",292,2.20000005e+00
"02","026","999","0138","0138",1628,1.22799997e+01
"02","026","999","0145","0145",6823,5.14599991e+01
"02","027","999","0131","0131",6263,1.86700001e+01
"02","027","999","0132","0132",956,2.84999990e+00
"02","027","999","0137","0137",905,2.70000005e+00
"02","027","999","0138","0138",5503,1.63999996e+01
"02","027","999","0145","0145",19924,5.93800011e+01
"02","028","999","0131","0131",6422,2.78700008e+01
"02","028","999","0132","0132",438,1.89999998e+00
"02","028","999","0137","0137",498,2.16000009e+00
"02","028","999","0138","0138",3332,1.44600000e+01
"02","028","999","0145","0145",12355,5.36100006e+01
"02","029","999","0131","0131",11852,3.77299995e+01
"02","029","999","0132","0132",531,1.69000006e+00
"02","029","999","0137","0137",577,1.84000003e+00
"02","029","999","0138","0138",3901,1.24200001e+01
"02","029","999","0145","0145",14548,4.63199997e+01
"02","030","999","0131","0131",6210,2.65100002e+01
"02","030","999","0132","0132",503,2.15000010e+00
"02","030","999","0137","0137",482,2.05999994e+00
"02","030","999","0138","0138",4818,2.05699997e+01
"02","030","999","0145","0145",11409,4.87099991e+01
"02","031","999","0131","0131",17088,3.91899986e+01
"02","031","999","0132","0132",506,1.15999997e+00
"02","031","999","0137","0137",940,2.16000009e+00
"02","031","999","0138","0138",11888,2.72700005e+01
"02","031","999","0145","0145",13177,3.02199993e+01
"02","032","999","0131","0131",4239,3.71399994e+01
"02","032","999","0132","0132",57,5.00000000e-01
"02","032","999","0137","0137",76,6.70000017e-01
"02","032","999","0138","0138",1028,9.01000023e+00
"02","032","999","0145","0145",6015,5.26899986e+01
"02","033","999","0131","0131",4448,2.60599995e+01
"02","033","999","0132","0132",169,9.90000010e-01
"02","033","999","0137","0137",192,1.12000000e+00
"02","033","999","0138","0138",3198,1.87399998e+01
"02","033","999","0145","0145",9061,5.30900002e+01
"02","034","999","0131","0131",14257,3.88199997e+01
"02","034","999","0132","0132",868,2.35999990e+00
"02","034","999","0137","0137",2271,6.17999983e+00
"02","034","999","0138","0138",6994,1.90499992e+01
"02","034","999","0145","0145",12332,3.35800018e+01
"02","035","999","0131","0131",42495,3.58400002e+01
"02","035","999","0132","0132",2914,2.46000004e+00
"02","035","999","0137","0137",5157,4.34999990e+00
"02","035","999","0138","0138",24948,2.10400009e+01
"02","035","999","0145","0145",43071,3.63199997e+01
"02","036","999","0131","0131",63941,4.01300011e+01
"02","036","999","0132","0132",3185,2.00000000e+00
"02","036","999","0137","0137",6709,4.21000004e+00
"02","036","999","0138","0138",30020,1.88400002e+01
"02","036","999","0145","0145",55468,3.48100014e+01
"02","037","999","0131","0131",5692,3.26699982e+01
"02","037","999","0132","0132",397,2.27999997e+00
"02","037","999","0137","0137",375,2.15000010e+00
"02","037","999","0138","0138",3698,2.12299995e+01
"02","037","999","0145","0145",7260,4.16699982e+01
"02","038","999","0131","0131",93712,4.71699982e+01
"02","038","999","0132","0132",3814,1.91999996e+00
"02","038","999","0137","0137",8271,4.15999985e+00
"02","038","999","0138","0138",44052,2.21700001e+01
"02","038","999","0145","0145",48835,2.45799999e+01
"02","039","999","0131","0131",6607,2.79200001e+01
"02","039","999","0132","0132",556,2.34999990e+00
"02","039","999","0137","0137",577,2.44000006e+00
"02","039","999","0138","0138",6306,2.66499996e+01
"02","039","999","0145","0145",9618,4.06399994e+01
"02","040","999","0131","0131",1743,3.04599991e+01
"02","040","999","0132","0132",23,4.00000006e-01
"02","040","999","0137","0137",41,7.20000029e-01
"02","040","999","0138","0138",605,1.05699997e+01
"02","040","999","0145","0145",3310,5.78499985e+01
"02","041","999","0131","0131",4013,3.50900002e+01
"02","041","999","0132","0132",84,7.30000019e-01
"02","041","999","0137","0137",91,8.00000012e-01
"02","041","999","0138","0138",925,8.09000015e+00
"02","041","999","0145","0145",6324,5.52900009e+01
"02","042","999","0131","0131",4289,3.58400002e+01
"02","042","999","0132","0132",92,7.69999981e-01
"02","042","999","0137","0137",163,1.36000001e+00
"02","042","999","0138","0138",1504,1.25699997e+01
"02","042","999","0145","0145",5918,4.94599991e+01
"02","043","999","0131","0131",515,2.67800007e+01
"02","043","999","0132","0132",18,9.39999998e-01
"02","043","999","0137","0137",23,1.20000005e+00
"02","043","999","0138","0138",261,1.35699997e+01
"02","043","999","0145","0145",1106,5.75099983e+01
"02","044","999","0131","0131",2748,3.92700005e+01
"02","044","999","0132","0132",49,6.99999988e-01
"02","044","999","0137","0137",71,1.00999999e+00
"02","044","999","0138","0138",524,7.48999977e+00
"02","044","999","0145","0145",3606,5.15299988e+01
"02","045","999","0131","0131",3177,3.57900009e+01
"02","045","999","0132","0132",71,8.00000012e-01
"02","045","999","0137","0137",139,1.57000005e+00
"02","045","999","0138","0138",2287,2.57600002e+01
"02","045","999","0145","0145",3203,3.60800018e+01
"02","046","999","0131","0131",462,1.71299992e+01
"02","046","999","0132","0132",23,8.50000024e-01
"02","046","999","0137","0137",27,1.00000000e+00
"02","046","999","0138","0138",876,3.24799995e+01
"02","046","999","0145","0145",1309,4.85400009e+01
"02","047","999","0131","0131",4027,3.30400009e+01
"02","047","999","0132","0132",96,7.90000021e-01
"02","047","999","0137","0137",248,2.02999997e+00
"02","047","999","0138","0138",2319,1.90300007e+01
"02","047","999","0145","0145",5497,4.51100006e+01
"02","048","999","0131","0131",3104,3.88100014e+01
"02","048","999","0132","0132",89,1.11000001e+00
"02","048","999","0137","0137",88,1.10000002e+00
"02","048","999","0138","0138",1075,1.34399996e+01
"02","048","999","0145","0145",3641,4.55299988e+01
"02","049","999","0131","0131",2753,3.89000015e+01
"02","049","999","0132","0132",141,1.99000001e+00
"02","049","999","0137","0137",177,2.50000000e+00
"02","049","999","0138","0138",1100,1.55400000e+01
"02","049","999","0145","0145",2906,4.10600014e+01
"02","050","999","0131","0131",110301,2.97000008e+01
"02","050","999","0132","0132",9046,2.44000006e+00
"02","050","999","0137","0137",12109,3.25999999e+00
"02","050","999","0138","0138",51025,1.37399998e+01
"02","050","999","0145","0145",188957,5.08699989e+01
"02","051","999","0131","0131",17187,3.62700005e+01
"02","051","999","0132","0132",895,1.88999999e+00
"02","051","999","0137","0137",1210,2.54999995e+00
"02","051","999","0138","0138",10343,2.18299999e+01
"02","051","999","0145","0145",17745,3.74500008e+01
"02","052","999","0131","0131",77197,3.23899994e+01
"02","052","999","0132","0132",5855,2.46000004e+00
"02","052","999","0137","0137",10015,4.19999981e+00
"02","052","999","0138","0138",49785,2.08899994e+01
"02","052","999","0145","0145",95478,4.00600014e+01
"02","053","999","0131","0131",57035,3.49000015e+01
"02","053","999","0132","0132",3451,2.10999990e+00
"02","053","999","0137","0137",6519,3.99000001e+00
"02","053","999","0138","0138",37575,2.29899998e+01
"02","053","999","0145","0145",58829,3.60000000e+01
"02","054","999","0131","0131",3677,3.43499985e+01
"02","054","999","0132","0132",88,8.19999993e-01
"02","054","999","0137","0137",111,1.03999996e+00
"02","054","999","0138","0138",1699,1.58699999e+01
"02","054","999","0145","0145",5128,4.79099998e+01
"02","055","999","0131","0131",2981,1.67199993e+01
"02","055","999","0132","0132",183,1.02999997e+00
"02","055","999","0137","0137",214,1.20000005e+00
"02","055","999","0138","0138",6341,3.55699997e+01
"02","055","999","0145","0145",8106,4.54799995e+01
"02","056","999","0131","0131",3331,4.48499985e+01
"02","056","999","0132","0132",114,1.52999997e+00
"02","056","999","0137","0137",110,1.48000002e+00
"02","056","999","0138","0138",973,1.31000004e+01
"02","056","999","0145","0145",2899,3.90299988e+01
"02","057","999","0131","0131",2834,4.05600014e+01
"02","057","999","0132","0132",47,6.70000017e-01
"02","057","999","0137","0137",67,9.59999979e-01
"02","057","999","0138","0138",655,9.36999989e+00
"02","057","999","0145","0145",3384,4.84300003e+01
"02","058","999","0131","0131",2004,3.80800018e+01
"02","058","999","0132","0132",25,4.79999989e-01
"02","058","999","0137","0137",57,1.08000004e+00
"02","058","999","0138","0138",469,8.90999985e+00
"02","058","999","0145","0145",2707,5.14399986e+01
"02","059","999","0131","0131",4619,3.76899986e+01
"02","059","999","0132","0132",256,2.08999991e+00
"02","059","999","0137","0137",273,2.23000002e+00
"02","059","999","0138","0138",1918,1.56499996e+01
"02","059","999","0145","0145",5189,4.23400002e+01
"02","060","999","0131","0131",15240,2.72399998e+01
"02","060","999","0132","0132",1063,1.89999998e+00
"02","060","999","0137","0137",1234,2.21000004e+00
"02","060","999","0138","0138",12418,2.21900005e+01
"02","060","999","0145","0145",25995,4.64599991e+01
"02","061","999","0131","0131",331642,4.66599998e+01
"02","061","999","0132","0132",15735,2.21000004e+00
"02","061","999","0137","0137",29880,4.19999981e+00
"02","061","999","0138","0138",135300,1.90400009e+01
"02","061","999","0145","0145",198166,2.78799992e+01
"02","062","999","0131","0131",95815,3.43400002e+01
"02","062","999","0132","0132",6653,2.38000011e+00
"02","062","999","0137","0137",11901,4.26000023e+00
"02","062","999","0138","0138",51614,1.85000000e+01
"02","062","999","0145","0145",113067,4.05200005e+01
"02","063","999","0131","0131",114340,2.88799992e+01
"02","063","999","0132","0132",13800,3.49000001e+00
"02","063","999","0137","0137",21991,5.55999994e+00
"02","063","999","0138","0138",61614,1.55600004e+01
"02","063","999","0145","0145",184129,4.65099983e+01
"02","064","999","0131","0131",3175,4.50200005e+01
"02","064","999","0132","0132",79,1.12000000e+00
"02","064","999","0137","0137",105,1.49000001e+00
"02","064","999","0138","0138",478,6.78000021e+00
"02","064","999","0145","0145",3216,4.55999985e+01
"02","065","999","0131","0131",4701,3.19099998e+01
"02","065","999","0132","0132",618,4.19999981e+00
"02","065","999","0137","0137",430,2.92000008e+00
"02","065","999","0138","0138",1860,1.26300001e+01
"02","065","999","0145","0145",7122,4.83499985e+01
"02","066","999","0131","0131",4072,3.74099998e+01
"02","066","999","0132","0132",119,1.09000003e+00
"02","066","999","0137","0137",207,1.89999998e+00
"02","066","999","0138","0138",1734,1.59300003e+01
"02","066","999","0145","0145",4752,4.36599998e+01
"02","067","999","0131","0131",9403,3.37999992e+01
"02","067","999","0132","0132",305,1.10000002e+00
"02","067","999","0137","0137",393,1.40999997e+00
"02","067","999","0138","0138",2992,1.07600002e+01
"02","067","999","0145","0145",14725,5.29300003e+01
"02","068","999","0131","0131",3596,3.26300011e+01
"02","068","999","0132","0132",74,6.70000017e-01
"02","068","999","0137","0137",134,1.22000003e+00
"02","068","999","0138","0138",1087,9.85999966e+00
"02","068","999","0145","0145",6131,5.56300011e+01
"02","069","999","0131","0131",6774,3.03700008e+01
"02","069","999","0132","0132",341,1.52999997e+00
"02","069","999","0137","0137",479,2.15000010e+00
"02","069","999","0138","0138",3401,1.52500000e+01
"02","069","999","0145","0145",11313,5.07099991e+01
"02","070","999","0131","0131",151661,4.22400017e+01
"02","070","999","0132","0132",9625,2.68000007e+00
"02","070","999","0137","0137",15636,4.36000013e+00
"02","070","999","0138","0138",59672,1.66200008e+01
"02","070","999","0145","0145",122413,3.40999985e+01
"02","071","999","0131","0131",16134,2.67900009e+01
"02","071","999","0132","0132",1523,2.52999997e+00
"02","071","999","0137","0137",1655,2.75000000e+00
"02","071","999","0138","0138",11325,1.87999992e+01
"02","071","999","0145","0145",29594,4.91300011e+01
"02","072","999","0131","0131",2486,2.40900002e+01
"02","072","999","0132","0132",114,1.10000002e+00
"02","072","999","0137","0137",223,2.16000009e+00
"02","072","999","0138","0138",2682,2.59899998e+01
"02","072","999","0145","0145",4816,4.66599998e+01
"02","073","999","0131","0131",1763,2.43299999e+01
"02","073","999","0132","0132",80,1.10000002e+00
"02","073","999","0137","0137",134,1.85000002e+00
"02","073","999","0138","0138",935,1.29099998e+01
"02","073","999","0145","0145",4333,5.98100014e+01
"02","074","999","0131","0131",6354,3.89000015e+01
"02","074","999","0132","0132",232,1.41999996e+00
"02","074","999","0137","0137",282,1.73000002e+00
"02","074","999","0138","0138",1789,1.09499998e+01
"02","074","999","0145","0145",7678,4.70000000e+01
"02","075","999","0131","0131",12931,4.29599991e+01
"02","075","999","0132","0132",513,1.70000005e+00
"02","075","999","0137","0137",949,3.15000010e+00
"02","075","999","0138","0138",7787,2.58700008e+01
"02","075","999","0145","0145",7920,2.63099995e+01
"02","076","999","0131","0131",13090,3.23499985e+01
"02","076","999","0132","0132",477,1.17999995e+00
"02","076","999","0137","0137",1179,2.91000009e+00
"02","076","999","0138","0138",7155,1.76900005e+01
"02","076","999","0145","0145",18557,4.58699989e+01
"02","077","999","0131","0131",125461,4.60699997e+01
"02","077","999","0132","0132",6089,2.24000001e+00
"02","077","999","0137","0137",10455,3.83999991e+00
"02","077","999","0138","0138",59886,2.19899998e+01
"02","077","999","0145","0145",70418,2.58600006e+01
"02","078","999","0131","0131",4066,3.05400009e+01
"02","078","999","0132","0132",169,1.26999998e+00
"02","078","999","0137","0137",222,1.66999996e+00
"02","078","999","0138","0138",3691,2.77199993e+01
"02","078","999","0145","0145",5166,3.87999992e+01
"02","079","999","0131","0131",102561,4.44099998e+01
"02","079","999","0132","0132",5335,2.30999994e+00
"02","079","999","0137","0137",8439,3.65000010e+00
"02","079","999","0138","0138",55181,2.38899994e+01
"02","079","999","0145","0145",59436,2.57399998e+01
"02","080","999","0131","0131",60483,2.95200005e+01
"02","080","999","0132","0132",7668,3.74000001e+00
"02","080","999","0137","0137",7913,3.85999990e+00
"02","080","999","0138","0138",35355,1.72600002e+01
"02","080","999","0145","0145",93454,4.56199989e+01
"02","081","999","0131","0131",4228,4.02299995e+01
"02","081","999","0132","0132",86,8.19999993e-01
"02","081","999","0137","0137",116,1.10000002e+00
"02","081","999","0138","0138",1349,1.28400002e+01
"02","081","999","0145","0145",4731,4.50099983e+01
"02","082","999","0131","0131",13054,2.30100002e+01
"02","082","999","0132","0132",1350,2.38000011e+00
"02","082","999","0137","0137",1303,2.29999995e+00
"02","082","999","0138","0138",10484,1.84799995e+01
"02","082","999","0145","0145",30551,5.38400002e+01
"02","083","999","0131","0131",8977,2.94200001e+01
"02","083","999","0132","0132",741,2.43000007e+00
"02","083","999","0137","0137",572,1.87000000e+00
"02","083","999","0138","0138",4034,1.32200003e+01
"02","083","999","0145","0145",16186,5.30499992e+01
"02","084","999","0131","0131",18240,2.69699993e+01
"02","084","999","0132","0132",910,1.35000002e+00
"02","084","999","0137","0137",2302,3.40000010e+00
"02","084","999","0138","0138",15279,2.25900002e+01
"02","084","999","0145","0145",30892,4.56800003e+01
"02","085","999","0131","0131",8935,3.64900017e+01
"02","085","999","0132","0132",351,1.42999995e+00
"02","085","999","0137","0137",464,1.88999999e+00
"02","085","999","0138","0138",4983,2.03500004e+01
"02","085","999","0145","0145",9756,3.98400002e+01
"02","086","999","0131","0131",750,1.90499992e+01
"02","086","999","0132","0132",42,1.07000005e+00
"02","086","999","0137","0137",22,5.60000002e-01
"02","086","999","0138","0138",831,2.11100006e+01
"02","086","999","0145","0145",2292,5.82200012e+01
"02","087","999","0131","0131",17428,2.71599998e+01
"02","087","999","0132","0132",1045,1.63000000e+00
"02","087","999","0137","0137",1717,2.68000007e+00
"02","087","999","0138","0138",10682,1.66399994e+01
"02","087","999","0145","0145",33305,5.19000015e+01
"02","088","999","0131","0131",908,3.83300018e+01
"02","088","999","0132","0132",21,8.89999986e-01
"02","088","999","0137","0137",15,6.29999995e-01
"02","088","999","0138","0138",611,2.57900009e+01
"02","088","999","0145","0145",814,3.43600006e+01
"02","089","999","0131","0131",59363,3.69099998e+01
"02","089","999","0132","0132",2746,1.71000004e+00
"02","089","999","0137","0137",5075,3.16000009e+00
"02","089","999","0138","0138",26334,1.63799992e+01
"02","089","999","0145","0145",67293,4.18499985e+01
"02","090","999","0131","0131",4320,2.59400005e+01
"02","090","999","0132","0132",313,1.88000000e+00
"02","090","999","0137","0137",406,2.44000006e+00
"02","090","999","0138","0138",2646,1.58900003e+01
"02","090","999","0145","0145",8968,5.38499985e+01
"02","091","999","0131","0131",2422,2.24799995e+01
"02","091","999","0132","0132",300,2.77999997e+00
"02","091","999","0137","0137",202,1.87000000e+00
"02","091","999","0138","0138",1018,9.44999981e+00
"02","091","999","0145","0145",6832,6.34099998e+01
"02","092","999","0131","0131",115115,3.57200012e+01
"02","092","999","0132","0132",6248,1.94000006e+00
"02","092","999","0137","0137",12699,3.94000006e+00
"02","092","999","0138","0138",55134,1.71100006e+01
"02","092","999","0145","0145",133083,4.12900009e+01
"02","093","999","0131","0131",7079,3.58499985e+01
"02","093","999","0132","0132",519,2.63000011e+00
"02","093","999","0137","0137",400,2.02999997e+00
"02","093","999","0138","0138",3492,1.76800003e+01
"02","093","999","0145","0145",8257,4.18100014e+01
"02","094","999","0131","0131",3695,3.83300018e+01
"02","094","999","0132","0132",125,1.29999995e+00
"02","094","999","0137","0137",167,1.73000002e+00
"02","094","999","0138","0138",631,6.53999996e+00
"02","094","999","0145","0145",5023,5.20999985e+01
"02","095","999","0131","0131",1171,1.16899996e+01
"02","095","999","0132","0132",70,6.99999988e-01
"02","095","999","0137","0137",84,8.39999974e-01
"02","095","999","0138","0138",2843,2.83899994e+01
"02","095","999","0145","0145",5846,5.83800011e+01
"02","096","999","0131","0131",3038,2.02999992e+01
"02","096","999","0132","0132",279,1.86000001e+00
"02","096","999","0137","0137",273,1.82000005e+00
"02","096","999","0138","0138",3187,2.12999992e+01
"02","096","999","0145","0145",8186,5.47099991e+01
"02","097","999","0131","0131",2637,3.61100006e+01
"02","097","999","0132","0132",59,8.10000002e-01
"02","097","999","0137","0137",92,1.25999999e+00
"02","097","999","0138","0138",1372,1.87900009e+01
"02","097","999","0145","0145",3142,4.30299988e+01
"02","098","999","0131","0131",4002,3.11299992e+01
"02","098","999","0132","0132",739,5.75000000e+00
"02","098","999","0137","0137",228,1.76999998e+00
"02","098","999","0138","0138",1816,1.41300001e+01
"02","098","999","0145","0145",6070,4.72200012e+01
"02","099","999","0131","0131",4885,2.49300003e+01
"02","099","999","0132","0132",69,3.49999994e-01
"02","099","999","0137","0137",370,1.88999999e+00
"02","099","999","0138","0138",2353,1.20100002e+01
"02","099","999","0145","0145",11916,6.08199997e+01
"02","100","999","0131","0131",1802,3.30900002e+01
"02","100","999","0132","0132",29,5.29999971e-01
"02","100","999","0137","0137",28,5.09999990e-01
"02","100","999","0138","0138",576,1.05799999e+01
"02","100","999","0145","0145",3011,5.52900009e+01
"02","101","999","0131","0131",6089,3.14099998e+01
"02","101","999","0132","0132",645,3.32999992e+00
"02","101","999","0137","0137",569,2.93000007e+00
"02","101","999","0138","0138",4016,2.07099991e+01
"02","101","999","0145","0145",8068,4.16199989e+01
"02","102","999","0131","0131",3559,2.68999996e+01
"02","102","999","0132","0132",232,1.75000000e+00
"02","102","999","0137","0137",221,1.66999996e+00
"02","102","999","0138","0138",4018,3.03700008e+01
"02","102","999","0145","0145",5199,3.92999992e+01
"02","103","999","0131","0131",6025,3.86100006e+01
"02","103","999","0132","0132",141,8.99999976e-01
"02","103","999","0137","0137",420,2.69000006e+00
"02","103","999","0138","0138",1515,9.71000004e+00
"02","103","999","0145","0145",7505,4.80900002e+01
"02","104","999","0131","0131",1324,2.54799995e+01
"02","104","999","0132","0132",53,1.01999998e+00
"02","104","999","0137","0137",46,8.89999986e-01
"02","104","999","0138","0138",509,9.80000019e+00
"02","104","999","0145","0145",3264,6.28199997e+01
"02","105","999","0131","0131",25291,2.71000004e+01
"02","105","999","0132","0132",1821,1.95000005e+00
"02","105","999","0137","0137",3154,3.38000011e+00
"02","105","999","0138","0138",30072,3.22200012e+01
"02","105","999","0145","0145",32989,3.53499985e+01
"02","106","999","0131","0131",39014,1.87999992e+01
"02","106","999","0132","0132",5762,2.77999997e+00
"02","106","999","0137","0137",6895,3.31999993e+00
"02","106","999","0138","0138",29968,1.44399996e+01
"02","106","999","0145","0145",125916,6.06699982e+01
"02","107","999","0131","0131",30696,3.45699997e+01
"02","107","999","0132","0132",2136,2.41000009e+00
"02","107","999","0137","0137",2994,3.36999989e+00
"02","107","999","0138","0138",19704,2.21900005e+01
"02","107","999","0145","0145",33251,3.74500008e+01
"02","108","999","0131","0131",8808,2.61000004e+01
"02","108","999","0132","0132",754,2.23000002e+00
"02","108","999","0137","0137",710,2.09999990e+00
"02","108","999","0138","0138",5360,1.58900003e+01
"02","108","999","0145","0145",18110,5.36699982e+01
"02","109","999","0131","0131",12239,3.44599991e+01
"02","109","999","0132","0132",442,1.24000001e+00
"02","109","999","0137","0137",910,2.55999994e+00
"02","109","999","0138","0138",8369,2.35599995e+01
"02","109","999","0145","0145",13560,3.81800003e+01
"02","110","999","0131","0131",2752,3.81100006e+01
"02","110","999","0132","0132",44,6.10000014e-01
"02","110","999","0137","0137",102,1.40999997e+00
"02","110","999","0138","0138",714,9.89000034e+00
"02","110","999","0145","0145",3610,4.99900017e+01
"02","111","999","0131","0131",20175,2.73400002e+01
"02","111","999","0132","0132",1901,2.57999992e+00
"02","111","999","0137","0137",2367,3.21000004e+00
"02","111","999","0138","0138",10953,1.48400002e+01
"02","111","999","0145","0145",38401,5.20400009e+01
"02","112","999","0131","0131",2420,3.87799988e+01
"02","112","999","0132","0132",53,8.50000024e-01
"02","112","999","0137","0137",48,7.69999981e-01
"02","112","999","0138","0138",840,1.34600000e+01
"02","112","999","0145","0145",2879,4.61399994e+01
"02","113","999","0131","0131",58374,2.65499992e+01
"02","113","999","0132","0132",4978,2.25999999e+00
"02","113","999","0137","0137",9721,4.42000008e+00
"02","113","999","0138","0138",78932,3.59099998e+01
"02","113","999","0145","0145",67820,3.08500004e+01
"02","114","999","0131","0131",2606,3.00499992e+01
"02","114","999","0132","0132",134,1.54999995e+00
"02","114","999","0137","0137",202,2.32999992e+00
"02","114","999","0138","0138",1072,1.23599997e+01
"02","114","999","0145","0145",4659,5.37200012e+01
"02","115","999","0131","0131",6783,2.61900005e+01
"02","115","999","0132","0132",547,2.10999990e+00
"02","115","999","0137","0137",353,1.36000001e+00
"02","115","999","0138","0138",5001,1.93099995e+01
"02","115","999","0145","0145",13219,5.10299988e+01
"02","116","999","0131","0131",559,3.97299995e+01
"02","116","999","0132","0132",1,7.00000003e-02
"02","116","999","0137","0137",6,4.30000007e-01
"02","116","999","0138","0138",415,2.95000000e+01
"02","116","999","0145","0145",426,3.02800007e+01
"02","117","999","0131","0131",10163,2.98400002e+01
"02","117","999","0132","0132",745,2.19000006e+00
"02","117","999","0137","0137",1043,3.05999994e+00
"02","117","999","0138","0138",7420,2.17800007e+01
"02","117","999","0145","0145",14692,4.31300011e+01
"02","118","999","0131","0131",65960,3.09200001e+01
"02","118","999","0132","0132",5472,2.56999993e+00
"02","118","999","0137","0137",8933,4.19000006e+00
"02","118","999","0138","0138",42869,2.01000004e+01
"02","118","999","0145","0145",90067,4.22299995e+01
"02","119","999","0131","0131",15769,3.34599991e+01
"02","119","999","0132","0132",769,1.63000000e+00
"02","119","999","0137","0137",1690,3.58999991e+00
"02","119","999","0138","0138",7053,1.49700003e+01
"02","119","999","0145","0145",21844,4.63499985e+01
"02","120","999","0131","0131",2346,4.21500015e+01
"02","120","999","0132","0132",85,1.52999997e+00
"02","120","999","0137","0137",116,2.07999992e+00
"02","120","999","0138","0138",819,1.47100000e+01
"02","120","999","0145","0145",2200,3.95299988e+01
"02","121","999","0131","0131",5577,2.65799999e+01
"02","121","999","0132","0132",196,9.30000007e-01
"02","121","999","0137","0137",367,1.75000000e+00
"02","121","999","0138","0138",4611,2.19699993e+01
"02","121","999","0145","0145",10233,4.87700005e+01
"02","122","999","0131","0131",33437,1.84300003e+01
"02","122","999","0132","0132",7101,3.91000009e+00
"02","122","999","0137","0137",7268,4.01000023e+00
"02","122","999","0138","0138",24517,1.35100002e+01
"02","122","999","0145","0145",109150,6.01500015e+01
"02","123","999","0131","0131",7264,3.74199982e+01
"02","123","999","0132","0132",301,1.54999995e+00
"02","123","999","0137","0137",556,2.85999990e+00
"02","123","999","0138","0138",3020,1.55600004e+01
"02","123","999","0145","0145",8273,4.26100006e+01
"02","124","999","0131","0131",4695,2.68899994e+01
"02","124","999","0132","0132",318,1.82000005e+00
"02","124","999","0137","0137",235,1.35000002e+00
"02","124","999","0138","0138",4355,2.49400005e+01
"02","124","999","0145","0145",7856,4.50000000e+01
"02","125","999","0131","0131",26731,4.05299988e+01
"02","125","999","0132","0132",1272,1.92999995e+00
"02","125","999","0137","0137",1960,2.97000003e+00
"02","125","999","0138","0138",13905,2.10799999e+01
"02","125","999","0145","0145",22080,3.34799995e+01
"02","126","999","0131","0131",2172,4.44099998e+01
"02","126","999","0132","0132",25,5.09999990e-01
"02","126","999","0137","0137",54,1.10000002e+00
"02","126","999","0138","0138",469,9.59000015e+00
"02","126","999","0145","0145",2171,4.43899994e+01
"02","127","999","0131","0131",2657,4.11899986e+01
"02","127","999","0132","0132",38,5.89999974e-01
"02","127","999","0137","0137",75,1.15999997e+00
"02","127","999","0138","0138",480,7.44000006e+00
"02","127","999","0145","0145",3201,4.96199989e+01
"02","128","999","0131","0131",19102,4.38600006e+01
"02","128","999","0132","0132",576,1.32000005e+00
"02","128","999","0137","0137",1638,3.75999999e+00
"02","128","999","0138","0138",12743,2.92600002e+01
"02","128","999","0145","0145",9497,2.17999992e+01
"02","129","999","0131","0131",69587,4.75200005e+01
"02","129","999","0132","0132",2453,1.67999995e+00
"02","129","999","0137","0137",5913,4.03999996e+00
"02","129","999","0138","0138",31950,2.18199997e+01
"02","129","999","0145","0145",36540,2.49500008e+01
"02","130","999","0131","0131",75165,4.01699982e+01
"02","130","999","0132","0132",2613,1.39999998e+00
"02","130","999","0137","0137",7311,3.91000009e+00
"02","130","999","0138","0138",58603,3.13199997e+01
"02","130","999","0145","0145",43405,2.32000008e+01
"02","131","999","0131","0131",2469,3.89700012e+01
"02","131","999","0132","0132",67,1.05999994e+00
"02","131","999","0137","0137",118,1.86000001e+00
"02","131","999","0138","0138",541,8.53999996e+00
"02","131","999","0145","0145",3141,4.95699997e+01
"02","132","999","0131","0131",37165,4.32000008e+01
"02","132","999","0132","0132",1626,1.88999999e+00
"02","132","999","0137","0137",3654,4.25000000e+00
"02","132","999","0138","0138",17420,2.02500000e+01
"02","132","999","0145","0145",26163,3.04099998e+01
"02","133","999","0131","0131",35654,3.34199982e+01
"02","133","999","0132","0132",4059,3.79999995e+00
"02","133","999","0137","0137",4367,4.09000015e+00
"02","133","999","0138","0138",21498,2.01499996e+01
"02","133","999","0145","0145",41115,3.85400009e+01
"02","134","999","0131","0131",38907,3.51500015e+01
"02","134","999","0132","0132",2988,2.70000005e+00
"02","134","999","0137","0137",4435,4.01000023e+00
"02","134","999","0138","0138",25473,2.30100002e+01
"02","134","999","0145","0145",38883,3.51300011e+01
"02","135","999","0131","0131",1364,3.58800011e+01
"02","135","999","0132","0132",34,8.89999986e-01
"02","135","999","0137","0137",38,1.00000000e+00
"02","135","999","0138","0138",278,7.30999994e+00
"02","135","999","0145","0145",2088,5.49199982e+01
"02","991","999","0131","0131",1052737,3.37999992e+01
"02","991","999","0132","0132",75848,2.44000006e+00
"02","991","999","0137","0137",118790,3.80999994e+00
"02","991","999","0138","0138",683173,2.19300003e+01
"02","991","999","0145","0145",1184282,3.80200005e+01
"02","992","999","0131","0131",140443,3.31500015e+01
"02","992","999","0132","0132",9210,2.17000008e+00
"02","992","999","0137","0137",11019,2.59999990e+00
"02","992","999","0138","0138",80673,1.90400009e+01
"02","992","999","0145","0145",182321,4.30299988e+01
"02","993","999","0131","0131",1255593,4.09099998e+01
"02","993","999","0132","0132",68990,2.25000000e+00
"02","993","999","0137","0137",131085,4.26999998e+00
"02","993","999","0138","0138",580397,1.89099998e+01
"02","993","999","0145","0145",1033437,3.36699982e+01
"02","994","999","0131","0131",121850,3.24799995e+01
"02","994","999","0132","0132",5414,1.44000006e+00
"02","994","999","0137","0137",6436,1.72000003e+00
"02","994","999","0138","0138",66499,1.77199993e+01
"02","994","999","0145","0145",174977,4.66399994e+01
"02","995","999","0131","0131",241299,2.96399994e+01
"02","995","999","0132","0132",17161,2.10999990e+00
"02","995","999","0137","0137",22491,2.75999999e+00
"02","995","999","0138","0138",123175,1.51300001e+01
"02","995","999","0145","0145",410012,5.03600006e+01
"02","996","999","0131","0131",118072,2.75499992e+01
"02","996","999","0132","0132",14590,3.40000010e+00
"02","996","999","0137","0137",13212,3.07999992e+00
"02","996","999","0138","0138",64219,1.49899998e+01
"02","996","999","0145","0145",218446,5.09700012e+01
"02","997","999","0131","0131",54566,2.91399994e+01
"02","997","999","0132","0132",4008,2.14000010e+00
"02","997","999","0137","0137",4408,2.34999990e+00
"02","997","999","0138","0138",33401,1.78299999e+01
"02","997","999","0145","0145",90901,4.85400009e+01
"02","998","999","0131","0131",114340,2.88799992e+01
"02","998","999","0132","0132",13800,3.49000001e+00
"02","998","999","0137","0137",21991,5.55999994e+00
"02","998","999","0138","0138",61614,1.55600004e+01
"02","998","999","0145","0145",184129,4.65099983e+01
"02","999","999","0131","0131",3098900,3.51800003e+01
"02","999","999","0132","0132",209021,2.36999989e+00
"02","999","999","0137","0137",329432,3.74000001e+00
"02","999","999","0138","0138",1693151,1.92199993e+01
"02","999","999","0145","0145",3478505,3.94900017e+01
"03","001","999","0501","0501",34545,4.55299988e+01
"03","001","999","0524","0524",31819,4.19399986e+01
"03","001","999","0528","0528",9506,1.25299997e+01
"03","002","999","0501","0501",4144,4.82599983e+01
"03","002","999","0524","0524",3441,4.00699997e+01
"03","002","999","0528","0528",1002,1.16700001e+01
"03","003","999","0501","0501",2334,5.17700005e+01
"03","003","999","0524","0524",1961,4.35000000e+01
"03","003","999","0528","0528",213,4.71999979e+00
"03","004","999","0501","0501",1037,5.11599998e+01
"03","004","999","0524","0524",972,4.79500008e+01
"03","004","999","0528","0528",18,8.89999986e-01
"03","005","999","0501","0501",1248,5.45699997e+01
"03","005","999","0524","0524",1000,4.37299995e+01
"03","005","999","0528","0528",39,1.71000004e+00
"03","006","999","0501","0501",4167,6.63199997e+01
"03","006","999","0524","0524",1838,2.92500000e+01
"03","006","999","0528","0528",278,4.42000008e+00
"03","007","999","0501","0501",1231,4.61699982e+01
"03","007","999","0524","0524",1387,5.20299988e+01
"03","007","999","0528","0528",48,1.79999995e+00
"03","008","999","0501","0501",7206,5.11300011e+01
"03","008","999","0524","0524",5926,4.20499992e+01
"03","008","999","0528","0528",961,6.82000017e+00
"03","009","999","0501","0501",2444,4.57799988e+01
"03","009","999","0524","0524",2414,4.52200012e+01
"03","009","999","0528","0528",480,8.98999977e+00
"03","010","999","0501","0501",2057,5.88400002e+01
"03","010","999","0524","0524",1159,3.31500015e+01
"03","010","999","0528","0528",280,8.01000023e+00
"03","011","999","0501","0501",3439,6.01100006e+01
"03","011","999","0524","0524",2141,3.74199982e+01
"03","011","999","0528","0528",141,2.46000004e+00
"03","012","999","0501","0501",5076,5.36599998e+01
"03","012","999","0524","0524",4167,4.40499992e+01
"03","012","999","0528","0528",217,2.28999996e+00
"03","013","999","0501","0501",8000,5.19099998e+01
"03","013","999","0524","0524",6884,4.46699982e+01
"03","013","999","0528","0528",528,3.43000007e+00
"03","014","999","0501","0501",417,4.57700005e+01
"03","014","999","0524","0524",475,5.21399994e+01
"03","014","999","0528","0528",19,2.08999991e+00
"03","015","999","0501","0501",5598,5.11199989e+01
"03","015","999","0524","0524",4824,4.40499992e+01
"03","015","999","0528","0528",529,4.82999992e+00
"03","016","999","0501","0501",6945,5.38199997e+01
"03","016","999","0524","0524",4457,3.45400009e+01
"03","016","999","0528","0528",1503,1.16499996e+01
"03","999","999","0501","0501",89888,4.97999992e+01
"03","999","999","0524","0524",74865,4.14700012e+01
"03","999","999","0528","0528",15762,8.72999954e+00
"07","001","999","0152","0152",1826,2.56999993e+00
"07","001","999","0501","0501",23051,3.24399986e+01
"07","001","999","0530","0530",8616,1.21199999e+01
"07","001","999","0531","0531",37568,5.28699989e+01
"07","002","999","0152","0152",1236,2.88000011e+00
"07","002","999","0501","0501",15030,3.50600014e+01
"07","002","999","0530","0530",3887,9.06999969e+00
"07","002","999","0531","0531",22719,5.29900017e+01
"07","003","999","0152","0152",0,0.00000000e+00
"07","003","999","0501","0501",228,5.03300018e+01
"07","003","999","0530","0530",20,4.42000008e+00
"07","003","999","0531","0531",205,4.52500000e+01
"07","004","999","0152","0152",0,0.00000000e+00
"07","004","999","0501","0501",302,4.64599991e+01
"07","004","999","0530","0530",46,7.07999992e+00
"07","004","999","0531","0531",302,4.64599991e+01
"07","005","999","0152","0152",234,1.58000004e+00
"07","005","999","0501","0501",6869,4.62999992e+01
"07","005","999","0530","0530",1327,8.94999981e+00
"07","005","999","0531","0531",6405,4.31699982e+01
"07","006","999","0152","0152",535,2.17000008e+00
"07","006","999","0501","0501",5931,2.41000004e+01
"07","006","999","0530","0530",3789,1.53900003e+01
"07","006","999","0531","0531",14358,5.83400002e+01
"07","007","999","0152","0152",5,2.70000011e-01
"07","007","999","0501","0501",786,4.27400017e+01
"07","007","999","0530","0530",106,5.76000023e+00
"07","007","999","0531","0531",942,5.12200012e+01
"07","008","999","0152","0152",6,1.80000007e-01
"07","008","999","0501","0501",1492,4.48199997e+01
"07","008","999","0530","0530",251,7.53999996e+00
"07","008","999","0531","0531",1580,4.74599991e+01
"07","009","999","0152","0152",1,9.00000036e-02
"07","009","999","0501","0501",261,2.33899994e+01
"07","009","999","0530","0530",75,6.71999979e+00
"07","009","999","0531","0531",779,6.98000031e+01
"07","010","999","0152","0152",0,0.00000000e+00
"07","010","999","0501","0501",256,5.34399986e+01
"07","010","999","0530","0530",12,2.50999999e+00
"07","010","999","0531","0531",211,4.40499992e+01
"07","011","999","0152","0152",9,8.39999974e-01
"07","011","999","0501","0501",547,5.11199989e+01
"07","011","999","0530","0530",22,2.05999994e+00
"07","011","999","0531","0531",492,4.59799995e+01
"07","012","999","0152","0152",57,8.29999983e-01
"07","012","999","0501","0501",2823,4.11500015e+01
"07","012","999","0530","0530",595,8.67000008e+00
"07","012","999","0531","0531",3386,4.93499985e+01
"07","013","999","0152","0152",10,2.89999992e-01
"07","013","999","0501","0501",1921,5.56199989e+01
"07","013","999","0530","0530",255,7.38000011e+00
"07","013","999","0531","0531",1268,3.67099991e+01
"07","014","999","0152","0152",50,9.10000026e-01
"07","014","999","0501","0501",3226,5.84599991e+01
"07","014","999","0530","0530",708,1.28299999e+01
"07","014","999","0531","0531",1534,2.77999992e+01
"07","015","999","0152","0152",4215,4.92000008e+00
"07","015","999","0501","0501",44683,5.21399994e+01
"07","015","999","0530","0530",19468,2.27199993e+01
"07","015","999","0531","0531",17327,2.02199993e+01
"07","999","999","0152","0152",8184,3.09999990e+00
"07","999","999","0501","0501",107406,4.07099991e+01
"07","999","999","0530","0530",39177,1.48500004e+01
"07","999","999","0531","0531",109076,4.13400002e+01
"08","001","999","0023","0023",30040,1.60300007e+01
"08","001","999","0050","0050",8388,4.48000002e+00
"08","001","999","0501","0501",70111,3.74199982e+01
"08","001","999","0502","0502",78834,4.20699997e+01
"08","003","999","0023","0023",2665,7.15999985e+00
"08","003","999","0050","0050",334,8.99999976e-01
"08","003","999","0501","0501",19039,5.11199989e+01
"08","003","999","0502","0502",15206,4.08300018e+01
"08","004","999","0023","0023",3435,1.26000004e+01
"08","004","999","0050","0050",534,1.96000004e+00
"08","004","999","0501","0501",10409,3.81699982e+01
"08","004","999","0502","0502",12889,4.72700005e+01
"08","005","999","0023","0023",932,4.67000008e+00
"08","005","999","0050","0050",364,1.82000005e+00
"08","005","999","0501","0501",8676,4.34799995e+01
"08","005","999","0502","0502",9983,5.00299988e+01
"08","006","999","0023","0023",4066,1.97299995e+01
"08","006","999","0050","0050",271,1.30999994e+00
"08","006","999","0501","0501",8090,3.92500000e+01
"08","006","999","0502","0502",8185,3.97099991e+01
"08","007","999","0023","0023",2791,9.11999989e+00
"08","007","999","0050","0050",426,1.38999999e+00
"08","007","999","0501","0501",11565,3.78100014e+01
"08","007","999","0502","0502",15805,5.16699982e+01
"08","008","999","0023","0023",1748,1.14899998e+01
"08","008","999","0050","0050",200,1.30999994e+00
"08","008","999","0501","0501",6743,4.43199997e+01
"08","008","999","0502","0502",6524,4.28800011e+01
"08","009","999","0023","0023",8346,1.52100000e+01
"08","009","999","0050","0050",2124,3.86999989e+00
"08","009","999","0501","0501",24144,4.39900017e+01
"08","009","999","0502","0502",20273,3.69399986e+01
"08","010","999","0023","0023",13137,1.92000008e+01
"08","010","999","0050","0050",2228,3.25999999e+00
"08","010","999","0501","0501",25610,3.74399986e+01
"08","010","999","0502","0502",27434,4.00999985e+01
"08","011","999","0023","0023",725,9.06999969e+00
"08","011","999","0050","0050",57,7.09999979e-01
"08","011","999","0501","0501",4312,5.39599991e+01
"08","011","999","0502","0502",2897,3.62500000e+01
"08","012","999","0023","0023",11467,4.20299988e+01
"08","012","999","0050","0050",275,1.00999999e+00
"08","012","999","0501","0501",9365,3.43300018e+01
"08","012","999","0502","0502",6176,2.26399994e+01
"08","013","999","0023","0023",18159,1.91800003e+01
"08","013","999","0050","0050",1614,1.70000005e+00
"08","013","999","0501","0501",47076,4.97200012e+01
"08","013","999","0502","0502",27831,2.93899994e+01
"08","014","999","0023","0023",567,3.40000010e+00
"08","014","999","0050","0050",131,7.90000021e-01
"08","014","999","0501","0501",8944,5.36500015e+01
"08","014","999","0502","0502",7030,4.21699982e+01
"08","015","999","0023","0023",5104,1.52399998e+01
"08","015","999","0050","0050",690,2.05999994e+00
"08","015","999","0501","0501",16175,4.82999992e+01
"08","015","999","0502","0502",11521,3.44000015e+01
"08","016","999","0023","0023",1633,1.91599998e+01
"08","016","999","0050","0050",40,4.69999999e-01
"08","016","999","0501","0501",4737,5.55900002e+01
"08","016","999","0502","0502",2112,2.47800007e+01
"08","017","999","0023","0023",2700,6.44999981e+00
"08","017","999","0050","0050",317,7.59999990e-01
"08","017","999","0501","0501",17195,4.10600014e+01
"08","017","999","0502","0502",21662,5.17299995e+01
"08","018","999","0023","0023",1481,1.42600002e+01
"08","018","999","0050","0050",89,8.60000014e-01
"08","018","999","0501","0501",5187,4.99399986e+01
"08","018","999","0502","0502",3630,3.49500008e+01
"08","999","999","0023","0023",108996,1.55200005e+01
"08","999","999","0050","0050",18082,2.56999993e+00
"08","999","999","0501","0501",297378,4.23300018e+01
"08","999","999","0502","0502",277992,3.95699997e+01
"10","001","999","0068","0068",550,3.79999995e-01
"10","001","999","0072","0072",630,4.39999998e-01
"10","001","999","0103","0103",6917,4.78000021e+00
"10","001","999","0179","0179",87786,6.06699982e+01
"10","001","999","0251","0251",673,4.69999999e-01
"10","001","999","0406","0406",4596,3.18000007e+00
"10","001","999","0501","0501",43547,3.00900002e+01
"10","002","999","0068","0068",173,5.60000002e-01
"10","002","999","0072","0072",78,2.50000000e-01
"10","002","999","0103","0103",972,3.17000008e+00
"10","002","999","0179","0179",19916,6.49599991e+01
"10","002","999","0251","0251",85,2.80000001e-01
"10","002","999","0406","0406",404,1.32000005e+00
"10","002","999","0501","0501",9030,2.94500008e+01
"10","003","999","0068","0068",3,1.00000001e-01
"10","003","999","0072","0072",6,2.00000003e-01
"10","003","999","0103","0103",34,1.13000000e+00
"10","003","999","0179","0179",1407,4.68400002e+01
"10","003","999","0251","0251",4,1.29999995e-01
"10","003","999","0406","0406",24,8.00000012e-01
"10","003","999","0501","0501",1526,5.07999992e+01
"10","004","999","0068","0068",61,1.29999995e-01
"10","004","999","0072","0072",101,2.19999999e-01
"10","004","999","0103","0103",703,1.53999996e+00
"10","004","999","0179","0179",27601,6.04799995e+01
"10","004","999","0251","0251",316,6.89999998e-01
"10","004","999","0406","0406",262,5.69999993e-01
"10","004","999","0501","0501",16594,3.63600006e+01
"10","005","999","0068","0068",67,1.59999996e-01
"10","005","999","0072","0072",208,5.00000000e-01
"10","005","999","0103","0103",480,1.15999997e+00
"10","005","999","0179","0179",22109,5.32999992e+01
"10","005","999","0251","0251",35,7.99999982e-02
"10","005","999","0406","0406",263,6.29999995e-01
"10","005","999","0501","0501",18317,4.41599998e+01
"10","006","999","0068","0068",3,3.99999991e-02
"10","006","999","0072","0072",5,5.99999987e-02
"10","006","999","0103","0103",22,2.59999990e-01
"10","006","999","0179","0179",3813,4.57900009e+01
"10","006","999","0251","0251",5,5.99999987e-02
"10","006","999","0406","0406",34,4.09999996e-01
"10","006","999","0501","0501",4445,5.33800011e+01
"10","007","999","0068","0068",65,1.70000002e-01
"10","007","999","0072","0072",185,4.79999989e-01
"10","007","999","0103","0103",655,1.71000004e+00
"10","007","999","0179","0179",21598,5.64199982e+01
"10","007","999","0251","0251",65,1.70000002e-01
"10","007","999","0406","0406",290,7.59999990e-01
"10","007","999","0501","0501",15424,4.02900009e+01
"10","008","999","0068","0068",0,0.00000000e+00
"10","008","999","0072","0072",0,0.00000000e+00
"10","008","999","0103","0103",0,0.00000000e+00
"10","008","999","0179","0179",172,4.91399994e+01
"10","008","999","0251","0251",0,0.00000000e+00
"10","008","999","0406","0406",0,0.00000000e+00
"10","008","999","0501","0501",178,5.08600006e+01
"10","009","999","0068","0068",3,9.00000036e-02
"10","009","999","0072","0072",4,1.19999997e-01
"10","009","999","0103","0103",29,8.99999976e-01
"10","009","999","0179","0179",1443,4.48699989e+01
"10","009","999","0251","0251",24,7.50000000e-01
"10","009","999","0406","0406",40,1.24000001e+00
"10","009","999","0501","0501",1673,5.20200005e+01
"10","010","999","0068","0068",23,3.30000013e-01
"10","010","999","0072","0072",25,3.60000014e-01
"10","010","999","0103","0103",90,1.29999995e+00
"10","010","999","0179","0179",3529,5.08400002e+01
"10","010","999","0251","0251",44,6.29999995e-01
"10","010","999","0406","0406",189,2.72000003e+00
"10","010","999","0501","0501",3042,4.38199997e+01
"10","011","999","0068","0068",38,3.89999986e-01
"10","011","999","0072","0072",14,1.40000001e-01
"10","011","999","0103","0103",137,1.39999998e+00
"10","011","999","0179","0179",5511,5.62799988e+01
"10","011","999","0251","0251",330,3.36999989e+00
"10","011","999","0406","0406",184,1.88000000e+00
"10","011","999","0501","0501",3578,3.65400009e+01
"10","012","999","0068","0068",7,1.09999999e-01
"10","012","999","0072","0072",7,1.09999999e-01
"10","012","999","0103","0103",50,7.50000000e-01
"10","012","999","0179","0179",3641,5.48800011e+01
"10","012","999","0251","0251",342,5.15999985e+00
"10","012","999","0406","0406",40,6.00000024e-01
"10","012","999","0501","0501",2547,3.83899994e+01
"10","013","999","0068","0068",0,0.00000000e+00
"10","013","999","0072","0072",0,0.00000000e+00
"10","013","999","0103","0103",0,0.00000000e+00
"10","013","999","0179","0179",269,3.79399986e+01
"10","013","999","0251","0251",119,1.67800007e+01
"10","013","999","0406","0406",5,7.09999979e-01
"10","013","999","0501","0501",316,4.45699997e+01
"10","014","999","0068","0068",2,1.00000001e-01
"10","014","999","0072","0072",4,2.09999993e-01
"10","014","999","0103","0103",6,3.10000002e-01
"10","014","999","0179","0179",915,4.77099991e+01
"10","014","999","0251","0251",28,1.46000004e+00
"10","014","999","0406","0406",2,1.00000001e-01
"10","014","999","0501","0501",961,5.00999985e+01
"10","015","999","0068","0068",19,1.80000007e-01
"10","015","999","0072","0072",24,2.30000004e-01
"10","015","999","0103","0103",102,9.90000010e-01
"10","015","999","0179","0179",5974,5.77000008e+01
"10","015","999","0251","0251",233,2.25000000e+00
"10","015","999","0406","0406",158,1.52999997e+00
"10","015","999","0501","0501",3844,3.71300011e+01
"10","016","999","0068","0068",0,0.00000000e+00
"10","016","999","0072","0072",2,1.19999997e-01
"10","016","999","0103","0103",4,2.39999995e-01
"10","016","999","0179","0179",660,3.94000015e+01
"10","016","999","0251","0251",9,5.40000021e-01
"10","016","999","0406","0406",8,4.79999989e-01
"10","016","999","0501","0501",992,5.92200012e+01
"10","999","999","0068","0068",1014,2.89999992e-01
"10","999","999","0072","0072",1293,3.70000005e-01
"10","999","999","0103","0103",10201,2.88000011e+00
"10","999","999","0179","0179",206344,5.83400002e+01
"10","999","999","0251","0251",2312,6.49999976e-01
"10","999","999","0406","0406",6499,1.84000003e+00
"10","999","999","0501","0501",126014,3.56300011e+01
"14","001","999","0071","0071",2353,1.32000005e+00
"14","001","999","0616","0616",534,3.00000012e-01
"14","001","999","0625","0625",1069,6.00000024e-01
"14","001","999","0900","0900",86851,4.88400002e+01
"14","001","999","0901","0901",885,5.00000000e-01
"14","001","999","0902","0902",4591,2.57999992e+00
"14","001","999","0903","0903",30340,1.70599995e+01
"14","001","999","0905","0905",23298,1.31000004e+01
"14","001","999","0906","0906",1146,6.39999986e-01
"14","001","999","0907","0907",26750,1.50400000e+01
"14","002","999","0071","0071",128,5.60000002e-01
"14","002","999","0616","0616",35,1.50000006e-01
"14","002","999","0625","0625",29,1.29999995e-01
"14","002","999","0900","0900",16742,7.30999985e+01
"14","002","999","0901","0901",52,2.30000004e-01
"14","002","999","0902","0902",487,2.13000011e+00
"14","002","999","0903","0903",2441,1.06599998e+01
"14","002","999","0905","0905",1412,6.17000008e+00
"14","002","999","0906","0906",37,1.59999996e-01
"14","002","999","0907","0907",1540,6.71999979e+00
"14","003","999","0071","0071",69,4.60000008e-01
"14","003","999","0616","0616",14,9.00000036e-02
"14","003","999","0625","0625",34,2.30000004e-01
"14","003","999","0900","0900",11693,7.84400024e+01
"14","003","999","0901","0901",38,2.50000000e-01
"14","003","999","0902","0902",177,1.19000006e+00
"14","003","999","0903","0903",1257,8.43000031e+00
"14","003","999","0905","0905",756,5.07000017e+00
"14","003","999","0906","0906",34,2.30000004e-01
"14","003","999","0907","0907",835,5.59999990e+00
"14","004","999","0071","0071",96,3.40000004e-01
"14","004","999","0616","0616",27,1.00000001e-01
"14","004","999","0625","0625",42,1.50000006e-01
"14","004","999","0900","0900",19398,6.96699982e+01
"14","004","999","0901","0901",143,5.09999990e-01
"14","004","999","0902","0902",2437,8.75000000e+00
"14","004","999","0903","0903",2386,8.56999969e+00
"14","004","999","0905","0905",2304,8.27000046e+00
"14","004","999","0906","0906",82,2.89999992e-01
"14","004","999","0907","0907",928,3.32999992e+00
"14","005","999","0071","0071",30,5.50000012e-01
"14","005","999","0616","0616",5,9.00000036e-02
"14","005","999","0625","0625",5,9.00000036e-02
"14","005","999","0900","0900",3363,6.21399994e+01
"14","005","999","0901","0901",3,5.99999987e-02
"14","005","999","0902","0902",136,2.50999999e+00
"14","005","999","0903","0903",1499,2.77000008e+01
"14","005","999","0905","0905",249,4.59999990e+00
"14","005","999","0906","0906",6,1.09999999e-01
"14","005","999","0907","0907",116,2.14000010e+00
"14","006","999","0071","0071",21,1.89999998e-01
"14","006","999","0616","0616",4,3.99999991e-02
"14","006","999","0625","0625",203,1.79999995e+00
"14","006","999","0900","0900",7646,6.76800003e+01
"14","006","999","0901","0901",1,9.99999978e-03
"14","006","999","0902","0902",2218,1.96299992e+01
"14","006","999","0903","0903",549,4.86000013e+00
"14","006","999","0905","0905",520,4.59999990e+00
"14","006","999","0906","0906",13,1.19999997e-01
"14","006","999","0907","0907",123,1.09000003e+00
"14","007","999","0071","0071",90,2.70000011e-01
"14","007","999","0616","0616",14,3.99999991e-02
"14","007","999","0625","0625",33,1.00000001e-01
"14","007","999","0900","0900",25382,7.73399963e+01
"14","007","999","0901","0901",43,1.29999995e-01
"14","007","999","0902","0902",434,1.32000005e+00
"14","007","999","0903","0903",3881,1.18299999e+01
"14","007","999","0905","0905",2104,6.40999985e+00
"14","007","999","0906","0906",107,3.30000013e-01
"14","007","999","0907","0907",730,2.22000003e+00
"14","008","999","0071","0071",228,3.89999986e-01
"14","008","999","0616","0616",58,1.00000001e-01
"14","008","999","0625","0625",208,3.60000014e-01
"14","008","999","0900","0900",40080,6.92900009e+01
"14","008","999","0901","0901",287,5.00000000e-01
"14","008","999","0902","0902",3286,5.67999983e+00
"14","008","999","0903","0903",7451,1.28800001e+01
"14","008","999","0905","0905",3703,6.40000010e+00
"14","008","999","0906","0906",225,3.89999986e-01
"14","008","999","0907","0907",2315,4.00000000e+00
"14","009","999","0071","0071",99,3.79999995e-01
"14","009","999","0616","0616",17,7.00000003e-02
"14","009","999","0625","0625",190,7.30000019e-01
"14","009","999","0900","0900",17396,6.72099991e+01
"14","009","999","0901","0901",30,1.19999997e-01
"14","009","999","0902","0902",498,1.91999996e+00
"14","009","999","0903","0903",5664,2.18799992e+01
"14","009","999","0905","0905",1447,5.59000015e+00
"14","009","999","0906","0906",45,1.70000002e-01
"14","009","999","0907","0907",497,1.91999996e+00
"14","010","999","0071","0071",109,3.60000014e-01
"14","010","999","0616","0616",55,1.80000007e-01
"14","010","999","0625","0625",34,1.09999999e-01
"14","010","999","0900","0900",24027,7.96100006e+01
"14","010","999","0901","0901",31,1.00000001e-01
"14","010","999","0902","0902",1429,4.73999977e+00
"14","010","999","0903","0903",2294,7.59999990e+00
"14","010","999","0905","0905",1239,4.11000013e+00
"14","010","999","0906","0906",73,2.39999995e-01
"14","010","999","0907","0907",888,2.94000006e+00
"14","011","999","0071","0071",19,1.19999997e-01
"14","011","999","0616","0616",11,7.00000003e-02
"14","011","999","0625","0625",150,9.70000029e-01
"14","011","999","0900","0900",9882,6.37799988e+01
"14","011","999","0901","0901",8,5.00000007e-02
"14","011","999","0902","0902",4139,2.67199993e+01
"14","011","999","0903","0903",773,4.98999977e+00
"14","011","999","0905","0905",396,2.55999994e+00
"14","011","999","0906","0906",5,2.99999993e-02
"14","011","999","0907","0907",110,7.09999979e-01
"14","012","999","0071","0071",110,6.20000005e-01
"14","012","999","0616","0616",18,1.00000001e-01
"14","012","999","0625","0625",11,5.99999987e-02
"14","012","999","0900","0900",10399,5.82799988e+01
"14","012","999","0901","0901",38,2.09999993e-01
"14","012","999","0902","0902",179,1.00000000e+00
"14","012","999","0903","0903",5298,2.96900005e+01
"14","012","999","0905","0905",1004,5.63000011e+00
"14","012","999","0906","0906",100,5.60000002e-01
"14","012","999","0907","0907",687,3.84999990e+00
"14","013","999","0071","0071",103,3.00000012e-01
"14","013","999","0616","0616",36,1.00000001e-01
"14","013","999","0625","0625",40,1.09999999e-01
"14","013","999","0900","0900",21992,6.30299988e+01
"14","013","999","0901","0901",52,1.50000006e-01
"14","013","999","0902","0902",8457,2.42399998e+01
"14","013","999","0903","0903",2080,5.96000004e+00
"14","013","999","0905","0905",1562,4.48000002e+00
"14","013","999","0906","0906",69,2.00000003e-01
"14","013","999","0907","0907",502,1.44000006e+00
"14","014","999","0071","0071",326,7.59999990e-01
"14","014","999","0616","0616",27,5.99999987e-02
"14","014","999","0625","0625",238,5.60000002e-01
"14","014","999","0900","0900",25472,5.95900002e+01
"14","014","999","0901","0901",87,2.00000003e-01
"14","014","999","0902","0902",818,1.90999997e+00
"14","014","999","0903","0903",8778,2.05300007e+01
"14","014","999","0905","0905",5842,1.36700001e+01
"14","014","999","0906","0906",219,5.09999990e-01
"14","014","999","0907","0907",942,2.20000005e+00
"14","015","999","0071","0071",229,1.75000000e+00
"14","015","999","0616","0616",6,5.00000007e-02
"14","015","999","0625","0625",8,5.99999987e-02
"14","015","999","0900","0900",9415,7.18899994e+01
"14","015","999","0901","0901",0,0.00000000e+00
"14","015","999","0902","0902",2083,1.59099998e+01
"14","015","999","0903","0903",763,5.82999992e+00
"14","015","999","0905","0905",503,3.83999991e+00
"14","015","999","0906","0906",13,1.00000001e-01
"14","015","999","0907","0907",76,5.79999983e-01
"14","016","999","0071","0071",361,8.10000002e-01
"14","016","999","0616","0616",55,1.19999997e-01
"14","016","999","0625","0625",81,1.80000007e-01
"14","016","999","0900","0900",32464,7.30599976e+01
"14","016","999","0901","0901",225,5.09999990e-01
"14","016","999","0902","0902",1389,3.13000011e+00
"14","016","999","0903","0903",4287,9.64999962e+00
"14","016","999","0905","0905",3925,8.82999992e+00
"14","016","999","0906","0906",268,6.00000024e-01
"14","016","999","0907","0907",1381,3.10999990e+00
"14","017","999","0071","0071",70,3.00000012e-01
"14","017","999","0616","0616",12,5.00000007e-02
"14","017","999","0625","0625",56,2.39999995e-01
"14","017","999","0900","0900",17672,7.48199997e+01
"14","017","999","0901","0901",39,1.70000002e-01
"14","017","999","0902","0902",3301,1.39799995e+01
"14","017","999","0903","0903",1210,5.11999989e+00
"14","017","999","0905","0905",887,3.75999999e+00
"14","017","999","0906","0906",31,1.29999995e-01
"14","017","999","0907","0907",342,1.45000005e+00
"14","999","999","0071","0071",4441,7.40000010e-01
"14","999","999","0616","0616",928,1.50000006e-01
"14","999","999","0625","0625",2431,4.09999996e-01
"14","999","999","0900","0900",379874,6.34099998e+01
"14","999","999","0901","0901",1962,3.30000013e-01
"14","999","999","0902","0902",36059,6.01999998e+00
"14","999","999","0903","0903",80951,1.35100002e+01
"14","999","999","0905","0905",51151,8.53999996e+00
"14","999","999","0906","0906",2473,4.09999996e-01
"14","999","999","0907","0907",38762,6.46999979e+00
"18","001","999","0068","0068",417,6.10000014e-01
"18","001","999","0153","0153",968,1.41999996e+00
"18","001","999","0501","0501",29015,4.25699997e+01
"18","001","999","0518","0518",20255,2.97199993e+01
"18","001","999","0526","0526",1733,2.53999996e+00
"18","001","999","0821","0821",15769,2.31399994e+01
"18","002","999","0068","0068",105,3.49999994e-01
"18","002","999","0153","0153",255,8.39999974e-01
"18","002","999","0501","0501",14965,4.93699989e+01
"18","002","999","0518","0518",12493,4.12099991e+01
"18","002","999","0526","0526",275,9.10000026e-01
"18","002","999","0821","0821",2219,7.32000017e+00
"18","003","999","0068","0068",214,4.69999999e-01
"18","003","999","0153","0153",647,1.42999995e+00
"18","003","999","0501","0501",28432,6.29700012e+01
"18","003","999","0518","0518",9859,2.18299999e+01
"18","003","999","0526","0526",650,1.44000006e+00
"18","003","999","0821","0821",5353,1.18500004e+01
"18","004","999","0068","0068",257,5.09999990e-01
"18","004","999","0153","0153",665,1.32000005e+00
"18","004","999","0501","0501",24376,4.83300018e+01
"18","004","999","0518","0518",17740,3.51699982e+01
"18","004","999","0526","0526",853,1.69000006e+00
"18","004","999","0821","0821",6547,1.29799995e+01
"18","005","999","0068","0068",6,1.80000007e-01
"18","005","999","0153","0153",11,3.30000013e-01
"18","005","999","0501","0501",1733,5.21699982e+01
"18","005","999","0518","0518",1393,4.19300003e+01
"18","005","999","0526","0526",6,1.80000007e-01
"18","005","999","0821","0821",173,5.21000004e+00
"18","006","999","0068","0068",332,4.90000010e-01
"18","006","999","0153","0153",976,1.45000005e+00
"18","006","999","0501","0501",38832,5.78199997e+01
"18","006","999","0518","0518",19190,2.85699997e+01
"18","006","999","0526","0526",761,1.13000000e+00
"18","006","999","0821","0821",7069,1.05299997e+01
"18","007","999","0068","0068",35,5.09999990e-01
"18","007","999","0153","0153",63,9.20000017e-01
"18","007","999","0501","0501",3523,5.16300011e+01
"18","007","999","0518","0518",2977,4.36300011e+01
"18","007","999","0526","0526",19,2.80000001e-01
"18","007","999","0821","0821",206,3.01999998e+00
"18","008","999","0068","0068",17,2.50000000e-01
"18","008","999","0153","0153",130,1.88999999e+00
"18","008","999","0501","0501",4296,6.25099983e+01
"18","008","999","0518","0518",2091,3.04200001e+01
"18","008","999","0526","0526",92,1.34000003e+00
"18","008","999","0821","0821",247,3.58999991e+00
"18","009","999","0068","0068",27,5.00000000e-01
"18","009","999","0153","0153",131,2.44000006e+00
"18","009","999","0501","0501",3237,6.01899986e+01
"18","009","999","0518","0518",1040,1.93400002e+01
"18","009","999","0526","0526",40,7.40000010e-01
"18","009","999","0821","0821",903,1.67900009e+01
"18","010","999","0068","0068",78,5.60000002e-01
"18","010","999","0153","0153",169,1.22000003e+00
"18","010","999","0501","0501",8291,5.97200012e+01
"18","010","999","0518","0518",3012,2.16900005e+01
"18","010","999","0526","0526",668,4.80999994e+00
"18","010","999","0821","0821",1666,1.20000000e+01
"18","011","999","0068","0068",8,2.50000000e-01
"18","011","999","0153","0153",77,2.36999989e+00
"18","011","999","0501","0501",2020,6.20600014e+01
"18","011","999","0518","0518",879,2.70000000e+01
"18","011","999","0526","0526",102,3.13000011e+00
"18","011","999","0821","0821",169,5.19000006e+00
"18","012","999","0068","0068",132,4.69999999e-01
"18","012","999","0153","0153",530,1.88999999e+00
"18","012","999","0501","0501",19192,6.85000000e+01
"18","012","999","0518","0518",5047,1.80100002e+01
"18","012","999","0526","0526",260,9.30000007e-01
"18","012","999","0821","0821",2858,1.01999998e+01
"18","013","999","0068","0068",43,3.70000005e-01
"18","013","999","0153","0153",180,1.55999994e+00
"18","013","999","0501","0501",6558,5.67000008e+01
"18","013","999","0518","0518",3589,3.10300007e+01
"18","013","999","0526","0526",61,5.29999971e-01
"18","013","999","0821","0821",1136,9.81999969e+00
"18","014","999","0068","0068",25,2.70000011e-01
"18","014","999","0153","0153",221,2.40000010e+00
"18","014","999","0501","0501",5356,5.81199989e+01
"18","014","999","0518","0518",2949,3.20000000e+01
"18","014","999","0526","0526",117,1.26999998e+00
"18","014","999","0821","0821",547,5.94000006e+00
"18","015","999","0068","0068",67,3.30000013e-01
"18","015","999","0153","0153",146,7.09999979e-01
"18","015","999","0501","0501",8646,4.22900009e+01
"18","015","999","0518","0518",9487,4.64099998e+01
"18","015","999","0526","0526",103,5.00000000e-01
"18","015","999","0821","0821",1994,9.75000000e+00
"18","016","999","0068","0068",6,1.19999997e-01
"18","016","999","0153","0153",22,4.39999998e-01
"18","016","999","0501","0501",2751,5.50200005e+01
"18","016","999","0518","0518",2074,4.14799995e+01
"18","016","999","0526","0526",10,2.00000003e-01
"18","016","999","0821","0821",137,2.74000001e+00
"18","017","999","0068","0068",90,7.20000029e-01
"18","017","999","0153","0153",214,1.71000004e+00
"18","017","999","0501","0501",5498,4.39000015e+01
"18","017","999","0518","0518",4810,3.84099998e+01
"18","017","999","0526","0526",949,7.57999992e+00
"18","017","999","0821","0821",963,7.69000006e+00
"18","018","999","0068","0068",30,6.10000014e-01
"18","018","999","0153","0153",73,1.50000000e+00
"18","018","999","0501","0501",2849,5.83899994e+01
"18","018","999","0518","0518",1554,3.18500004e+01
"18","018","999","0526","0526",34,6.99999988e-01
"18","018","999","0821","0821",339,6.94999981e+00
"18","019","999","0068","0068",16,2.89999992e-01
"18","019","999","0153","0153",118,2.15000010e+00
"18","019","999","0501","0501",3674,6.68099976e+01
"18","019","999","0518","0518",1399,2.54400005e+01
"18","019","999","0526","0526",27,4.90000010e-01
"18","019","999","0821","0821",265,4.82000017e+00
"18","999","999","0068","0068",1905,4.79999989e-01
"18","999","999","0153","0153",5596,1.40999997e+00
"18","999","999","0501","0501",213244,5.35900002e+01
"18","999","999","0518","0518",121838,3.06200008e+01
"18","999","999","0526","0526",6760,1.70000005e+00
"18","999","999","0821","0821",48560,1.21999998e+01
"19","001","999","0057","0057",1115,1.01999998e+00
"19","001","999","0131","0131",18985,1.73600006e+01
"19","001","999","0133","0133",59363,5.42799988e+01
"19","001","999","0135","0135",29791,2.72399998e+01
"19","001","999","0665","0665",114,1.00000001e-01
"19","002","999","0057","0057",37,4.69999999e-01
"19","002","999","0131","0131",494,6.21000004e+00
"19","002","999","0133","0133",5317,6.68399963e+01
"19","002","999","0135","0135",2081,2.61599998e+01
"19","002","999","0665","0665",26,3.30000013e-01
"19","003","999","0057","0057",340,5.60000002e-01
"19","003","999","0131","0131",5853,9.64999962e+00
"19","003","999","0133","0133",32875,5.42200012e+01
"19","003","999","0135","0135",21311,3.51500015e+01
"19","003","999","0665","0665",252,4.19999987e-01
"19","004","999","0057","0057",25,2.00000003e-01
"19","004","999","0131","0131",594,4.67999983e+00
"19","004","999","0133","0133",8598,6.76900024e+01
"19","004","999","0135","0135",3482,2.74099998e+01
"19","004","999","0665","0665",3,1.99999996e-02
"19","005","999","0057","0057",3,9.00000036e-02
"19","005","999","0131","0131",356,1.11599998e+01
"19","005","999","0133","0133",2591,8.11999969e+01
"19","005","999","0135","0135",238,7.46000004e+00
"19","005","999","0665","0665",3,9.00000036e-02
"19","006","999","0057","0057",64,3.79999995e-01
"19","006","999","0131","0131",2130,1.24799995e+01
"19","006","999","0133","0133",9026,5.29000015e+01
"19","006","999","0135","0135",5825,3.41399994e+01
"19","006","999","0665","0665",18,1.09999999e-01
"19","007","999","0057","0057",22,1.89999998e-01
"19","007","999","0131","0131",2467,2.17800007e+01
"19","007","999","0133","0133",6076,5.36500015e+01
"19","007","999","0135","0135",2759,2.43600006e+01
"19","007","999","0665","0665",2,1.99999996e-02
"19","008","999","0057","0057",13,5.09999990e-01
"19","008","999","0131","0131",442,1.73600006e+01
"19","008","999","0133","0133",1689,6.63399963e+01
"19","008","999","0135","0135",402,1.57900000e+01
"19","008","999","0665","0665",0,0.00000000e+00
"19","009","999","0057","0057",22,3.49999994e-01
"19","009","999","0131","0131",272,4.26999998e+00
"19","009","999","0133","0133",4307,6.76100006e+01
"19","009","999","0135","0135",1765,2.77099991e+01
"19","009","999","0665","0665",4,5.99999987e-02
"19","999","999","0057","0057",1641,7.09999979e-01
"19","999","999","0131","0131",31593,1.36700001e+01
"19","999","999","0133","0133",129842,5.61699982e+01
"19","999","999","0135","0135",67654,2.92700005e+01
"19","999","999","0665","0665",422,1.80000007e-01
"20","001","999","0013","0013",17,2.99999993e-02
"20","001","999","0038","0038",150,2.50000000e-01
"20","001","999","0103","0103",1341,2.23000002e+00
"20","001","999","0701","3038",2968,9.60000038e+00
"20","001","999","0701","3077",27956,9.04000015e+01
"20","001","999","0702","3118",7508,2.71700001e+01
"20","001","999","0702","3121",20121,7.28300018e+01
"20","002","999","0013","0013",0,0.00000000e+00
"20","002","999","0038","0038",6,1.00000001e-01
"20","002","999","0103","0103",136,2.34999990e+00
"20","002","999","0701","3038",118,6.71999979e+00
"20","002","999","0701","3077",1638,9.32799988e+01
"20","002","999","0702","3118",2005,5.15000000e+01
"20","002","999","0702","3121",1888,4.85000000e+01
"20","003","999","0013","0013",0,0.00000000e+00
"20","003","999","0038","0038",14,2.39999995e-01
"20","003","999","0103","0103",102,1.72000003e+00
"20","003","999","0701","3038",479,1.77000008e+01
"20","003","999","0701","3077",2227,8.23000031e+01
"20","003","999","0702","3118",1317,4.23600006e+01
"20","003","999","0702","3121",1792,5.76399994e+01
"20","004","999","0013","0013",0,0.00000000e+00
"20","004","999","0038","0038",5,2.00000003e-01
"20","004","999","0103","0103",87,3.47000003e+00
"20","004","999","0701","3038",84,1.27299995e+01
"20","004","999","0701","3077",576,8.72699966e+01
"20","004","999","0702","3118",683,3.88499985e+01
"20","004","999","0702","3121",1075,6.11500015e+01
"20","005","999","0013","0013",9,1.19999997e-01
"20","005","999","0038","0038",24,3.30000013e-01
"20","005","999","0103","0103",77,1.04999995e+00
"20","005","999","0701","3038",353,1.52100000e+01
"20","005","999","0701","3077",1968,8.47900009e+01
"20","005","999","0702","3118",1657,3.39500008e+01
"20","005","999","0702","3121",3223,6.60500031e+01
"20","006","999","0013","0013",0,0.00000000e+00
"20","006","999","0038","0038",35,3.00000012e-01
"20","006","999","0103","0103",329,2.78999996e+00
"20","006","999","0701","3038",560,1.66000004e+01
"20","006","999","0701","3077",2814,8.34000015e+01
"20","006","999","0702","3118",1519,1.88899994e+01
"20","006","999","0702","3121",6523,8.11100006e+01
"20","007","999","0013","0013",176,2.50000000e-01
"20","007","999","0038","0038",209,3.00000012e-01
"20","007","999","0103","0103",1549,2.20000005e+00
"20","007","999","0701","3038",3254,9.78999996e+00
"20","007","999","0701","3077",29995,9.02099991e+01
"20","007","999","0702","3118",12775,3.63699989e+01
"20","007","999","0702","3121",22347,6.36300011e+01
"20","999","999","0013","0013",202,1.19999997e-01
"20","999","999","0038","0038",443,2.70000011e-01
"20","999","999","0103","0103",3621,2.21000004e+00
"20","999","999","0701","3038",7816,1.04200001e+01
"20","999","999","0701","3077",67174,8.95800018e+01
"20","999","999","0702","3118",27464,3.25299988e+01
"20","999","999","0702","3121",56969,6.74700012e+01
"88","003","999","0131","0131",122387,4.03499985e+01
"88","003","999","0132","0132",7755,2.55999994e+00
"88","003","999","0137","0137",14461,4.76999998e+00
"88","003","999","0138","0138",60214,1.98500004e+01
"88","003","999","0145","0145",98481,3.24700012e+01
"88","004","999","0131","0131",78451,3.67500000e+01
"88","004","999","0132","0132",5719,2.68000007e+00
"88","004","999","0137","0137",9314,4.36000013e+00
"88","004","999","0138","0138",35671,1.67099991e+01
"88","004","999","0145","0145",84324,3.95000000e+01
"88","011","999","0131","0131",72345,3.99799995e+01
"88","011","999","0132","0132",4189,2.30999994e+00
"88","011","999","0137","0137",8595,4.75000000e+00
"88","011","999","0138","0138",37117,2.05100002e+01
"88","011","999","0145","0145",58728,3.24500008e+01
"88","036","999","0131","0131",63941,4.01300011e+01
"88","036","999","0132","0132",3185,2.00000000e+00
"88","036","999","0137","0137",6709,4.21000004e+00
"88","036","999","0138","0138",30020,1.88400002e+01
"88","036","999","0145","0145",55468,3.48100014e+01
"88","038","999","0131","0131",93712,4.71699982e+01
"88","038","999","0132","0132",3814,1.91999996e+00
"88","038","999","0137","0137",8271,4.15999985e+00
"88","038","999","0138","0138",44052,2.21700001e+01
"88","038","999","0145","0145",48835,2.45799999e+01
"88","052","999","0131","0131",77197,3.23899994e+01
"88","052","999","0132","0132",5855,2.46000004e+00
"88","052","999","0137","0137",10015,4.19999981e+00
"88","052","999","0138","0138",49785,2.08899994e+01
"88","052","999","0145","0145",95478,4.00600014e+01
"88","053","999","0131","0131",57035,3.49000015e+01
"88","053","999","0132","0132",3451,2.10999990e+00
"88","053","999","0137","0137",6519,3.99000001e+00
"88","053","999","0138","0138",37575,2.29899998e+01
"88","053","999","0145","0145",58829,3.60000000e+01
"88","061","999","0131","0131",331642,4.66599998e+01
"88","061","999","0132","0132",15735,2.21000004e+00
"88","061","999","0137","0137",29880,4.19999981e+00
"88","061","999","0138","0138",135300,1.90400009e+01
"88","061","999","0145","0145",198166,2.78799992e+01
"88","062","999","0131","0131",95815,3.43400002e+01
"88","062","999","0132","0132",6653,2.38000011e+00
"88","062","999","0137","0137",11901,4.26000023e+00
"88","062","999","0138","0138",51614,1.85000000e+01
"88","062","999","0145","0145",113067,4.05200005e+01
"88","070","999","0131","0131",151661,4.22400017e+01
"88","070","999","0132","0132",9625,2.68000007e+00
"88","070","999","0137","0137",15636,4.36000013e+00
"88","070","999","0138","0138",59672,1.66200008e+01
"88","070","999","0145","0145",122413,3.40999985e+01
"88","077","999","0131","0131",125461,4.60699997e+01
"88","077","999","0132","0132",6089,2.24000001e+00
"88","077","999","0137","0137",10455,3.83999991e+00
"88","077","999","0138","0138",59886,2.19899998e+01
"88","077","999","0145","0145",70418,2.58600006e+01
"88","079","999","0131","0131",102561,4.44099998e+01
"88","079","999","0132","0132",5335,2.30999994e+00
"88","079","999","0137","0137",8439,3.65000010e+00
"88","079","999","0138","0138",55181,2.38899994e+01
"88","079","999","0145","0145",59436,2.57399998e+01
"88","080","999","0131","0131",60483,2.95200005e+01
"88","080","999","0132","0132",7668,3.74000001e+00
"88","080","999","0137","0137",7913,3.85999990e+00
"88","080","999","0138","0138",35355,1.72600002e+01
"88","080","999","0145","0145",93454,4.56199989e+01
"88","092","999","0131","0131",115115,3.57200012e+01
"88","092","999","0132","0132",6248,1.94000006e+00
"88","092","999","0137","0137",12699,3.94000006e+00
"88","092","999","0138","0138",55134,1.71100006e+01
"88","092","999","0145","0145",133083,4.12900009e+01
"88","105","999","0131","0131",25291,2.71000004e+01
"88","105","999","0132","0132",1821,1.95000005e+00
"88","105","999","0137","0137",3154,3.38000011e+00
"88","105","999","0138","0138",30072,3.22200012e+01
"88","105","999","0145","0145",32989,3.53499985e+01
"88","106","999","0131","0131",39014,1.87999992e+01
"88","106","999","0132","0132",5762,2.77999997e+00
"88","106","999","0137","0137",6895,3.31999993e+00
"88","106","999","0138","0138",29968,1.44399996e+01
"88","106","999","0145","0145",125916,6.06699982e+01
"88","113","999","0131","0131",58374,2.65499992e+01
"88","113","999","0132","0132",4978,2.25999999e+00
"88","113","999","0137","0137",9721,4.42000008e+00
"88","113","999","0138","0138",78932,3.59099998e+01
"88","113","999","0145","0145",67820,3.08500004e+01
"88","118","999","0131","0131",65960,3.09200001e+01
"88","118","999","0132","0132",5472,2.56999993e+00
"88","118","999","0137","0137",8933,4.19000006e+00
"88","118","999","0138","0138",42869,2.01000004e+01
"88","118","999","0145","0145",90067,4.22299995e+01
"88","122","999","0131","0131",33437,1.84300003e+01
"88","122","999","0132","0132",7101,3.91000009e+00
"88","122","999","0137","0137",7268,4.01000023e+00
"88","122","999","0138","0138",24517,1.35100002e+01
"88","122","999","0145","0145",109150,6.01500015e+01
"88","129","999","0131","0131",69587,4.75200005e+01
"88","129","999","0132","0132",2453,1.67999995e+00
"88","129","999","0137","0137",5913,4.03999996e+00
"88","129","999","0138","0138",31950,2.18199997e+01
"88","129","999","0145","0145",36540,2.49500008e+01
"88","130","999","0131","0131",75165,4.01699982e+01
"88","130","999","0132","0132",2613,1.39999998e+00
"88","130","999","0137","0137",7311,3.91000009e+00
"88","130","999","0138","0138",58603,3.13199997e+01
"88","130","999","0145","0145",43405,2.32000008e+01
"88","132","999","0131","0131",37165,4.32000008e+01
"88","132","999","0132","0132",1626,1.88999999e+00
"88","132","999","0137","0137",3654,4.25000000e+00
"88","132","999","0138","0138",17420,2.02500000e+01
"88","132","999","0145","0145",26163,3.04099998e+01
"88","133","999","0131","0131",35654,3.34199982e+01
"88","133","999","0132","0132",4059,3.79999995e+00
"88","133","999","0137","0137",4367,4.09000015e+00
"88","133","999","0138","0138",21498,2.01499996e+01
"88","133","999","0145","0145",41115,3.85400009e+01
"88","134","999","0131","0131",38907,3.51500015e+01
"88","134","999","0132","0132",2988,2.70000005e+00
"88","134","999","0137","0137",4435,4.01000023e+00
"88","134","999","0138","0138",25473,2.30100002e+01
"88","134","999","0145","0145",38883,3.51300011e+01
"88","999","999","0131","0131",2026360,3.75999985e+01
"88","999","999","0132","0132",130194,2.42000008e+00
"88","999","999","0137","0137",222458,4.13000011e+00
"88","999","999","0138","0138",1107878,2.05599995e+01
"88","999","999","0145","0145",1902228,3.52999992e+01
